name,family,components,initial_realizability_margin,cubic_beta,gamma_norm,cubic_active,exact_euler_margin,exact_euler_finite,single_gaussian_status,single_gaussian_tail_relative_error,single_gaussian_source_relative_error,single_gaussian_source_direction_cosine,single_gaussian_euler_step_margin,stage9_tensor_mixture_tail_status,stage9_tensor_mixture_tail_tail_relative_error,stage9_tensor_mixture_tail_source_relative_error,stage9_tensor_mixture_tail_source_direction_cosine,stage9_tensor_mixture_tail_euler_step_margin,grad_hyqmom_gqmom_status,grad_hyqmom_gqmom_tail_relative_error,grad_hyqmom_gqmom_source_relative_error,grad_hyqmom_gqmom_source_direction_cosine,grad_hyqmom_gqmom_euler_step_margin,stage9_finite_map_status,stage9_finite_map_margin,guarded_grad_map_status,guarded_grad_map_margin,guarded_grad_map_limiter_fraction
stage9_symmetric,stage9_regression,2,0.3233271561879729,-0.010516333745077353,0.0,True,0.32402552386485,True,PASS,0.3074874431603909,0.051147466055058884,0.9995447088266114,0.32403614630713246,PASS,3.870609226480266e-16,5.750126728075905e-19,0.9999999999999998,0.32402552386484984,PASS,0.015408945373114064,0.002328000793043882,0.9999989772449744,0.3240259674840847,PASS,0.32402429012762757,PASS,0.32402464171545875,1.0
stage9_asymmetric,stage9_regression,2,0.28381707679835316,-0.013218490403974029,0.05304468292946267,True,0.2844385608185059,True,PASS,0.16164454715634666,0.09496565422711448,0.998624274049627,0.2844560069669195,PASS,4.617760530087195e-16,1.1908609226078416e-17,1.0,0.28443856081850577,PASS,0.010775939209382591,0.00790855240390663,0.999988811247169,0.2844399085990059,PASS,0.28443744294442824,PASS,0.2844386145131272,1.0
stage9_correlated,stage9_regression,2,0.2105961711326594,-0.03565706960977169,0.06301183741634683,True,0.21137052468189985,True,PASS,0.12115789404790893,0.11073297908215818,0.9980100920502306,0.2113903587711894,PASS,2.4380700015814016e-15,6.87430098762902e-16,1.0,0.21137052468189985,PASS,0.011829777856161156,0.00901500964613267,0.9999696482548738,0.21136877202212423,PASS,0.21136935110985114,PASS,0.21136739916431055,1.0
stage9_leptokurtic,stage9_regression,2,0.2083869307949576,-0.02133027804425121,0.0,True,0.20972284691088702,True,PASS,0.5978111379778787,0.16993034409706115,0.9995859742574001,0.20960661107597078,PASS,1.9258119839205848e-16,4.2021687308557107e-19,1.0,0.20972284691088686,PASS,0.029863691660322822,0.008009169516876791,0.9999994087386302,0.2097280390167756,PASS,0.2097189212865242,PASS,0.20972461627980957,1.0
stage9_rare_hot,stage9_regression,2,0.11555219719097169,0.0,0.0,False,0.11636480258411022,True,PASS,0.9896586959295648,0.0,1.0000000000000002,0.11636480258411022,PASS,0.42047244313439425,0.0,1.0000000000000002,0.11636480258411022,PASS,0.43522090512738465,0.0,1.0000000000000002,0.11636480258411022,PASS,0.11636072563267146,PASS,0.11636072563267151,1.0
rare_hot_anisotropic_w0.5_r4,rare_hot_anisotropic,2,0.21232497012764243,-0.005542562584220403,0.0,True,0.21256436526317124,True,PASS,0.5896466679419672,0.08517110225315493,0.9998459680041955,0.2125549251267797,PASS,0.06266786373025496,0.01487827317929823,0.9999404637745323,0.21257323605744696,PASS,0.04470672572974717,0.009921331008208101,0.9999914278464371,0.21256595820421437,PASS,0.21256859458740615,PASS,0.21256585905273034,1.0
rare_hot_anisotropic_w0.5_r25,rare_hot_anisotropic,2,0.20190985133169748,-0.008006891677001094,0.0,True,0.20362566765789306,True,PASS,0.7275021217510137,0.1473394722907238,0.9998750952315856,0.20347357502077126,PASS,0.08587842800327788,0.02871689971198745,0.9998131351797623,0.2035865723218619,PASS,0.1991358550261837,0.05278688017203721,0.9999330980184807,0.20368681644535455,PASS,0.20361141534465813,PASS,0.20368049329216145,1.0
rare_hot_anisotropic_w0.5_r100,rare_hot_anisotropic,2,0.1878582958568874,-0.008489612820159184,0.0,True,0.1895485239448082,True,PASS,0.744495678696784,0.15957493814316578,0.9998894564189702,0.18938798354900122,PASS,0.08886554988059515,0.03143906138992967,0.9997809666364155,0.18950690919006746,PASS,0.2348840625623197,0.06513136389954398,0.9999080549938862,0.18962256657300902,PASS,0.18953530100132046,PASS,0.18961632272431309,1.0
rare_hot_anisotropic_w0.5_r1000,rare_hot_anisotropic,2,0.18364814896453352,-0.008642959475933047,0.0,True,0.18532887104708476,True,PASS,0.7494531844588015,0.16347699219416215,0.9998940977107043,0.18516591062226945,PASS,0.089741560730532,0.03230619041724277,0.9997702099484124,0.18528652951079413,PASS,0.2464501909993302,0.06933405877395896,0.9998986152452605,0.18540714806130743,PASS,0.18531605385030941,PASS,0.18540093535112911,1.0
rare_hot_anisotropic_w0.1_r4,rare_hot_anisotropic,2,0.22429609903839384,-0.0008199057077249117,0.0,True,0.22455482938300408,True,PASS,0.8208930551732141,0.027336350790722778,0.9999971542349999,0.2245477324307455,PASS,0.3851781879909654,0.014223698151657548,0.9999977267278184,0.2245517103229412,PASS,0.2596204476270989,0.007307860997408454,0.9999993781519324,0.22455274481924098,PASS,0.22455037899711747,PASS,0.22455158707227674,1.0
rare_hot_anisotropic_w0.1_r25,rare_hot_anisotropic,2,0.08887522854348345,-0.004682230773056003,0.0,True,0.08990666448644234,True,PASS,0.9798333949003422,0.28192283502446325,0.9997795690810787,0.08968444733608393,PASS,0.3989860049798992,0.07185902546430722,0.9977726802496341,0.08987797728878696,PASS,0.18764979713104377,0.07893831982605813,0.9997990343199203,0.0899734727344558,PASS,0.08980809614322381,PASS,0.08996935338355136,1.0
rare_hot_anisotropic_w0.1_r100,rare_hot_anisotropic,2,0.05167966313393822,-0.007289162560259561,0.0,True,0.05240589574241958,True,PASS,0.9878980914017007,0.49832289722551626,0.9984653819481702,0.05214397374423755,PASS,0.880337566843962,0.28747482485935044,0.9908068524070153,0.05245753133048051,PASS,0.3959774284119176,0.26557211435765044,0.9993251338210678,0.05256179354221421,PASS,0.052309897306489224,PASS,0.05255905320617755,1.0
rare_hot_anisotropic_w0.1_r1000,rare_hot_anisotropic,2,0.04202963546421899,-0.008506448934656862,0.0,True,0.04265894983892782,True,PASS,0.9898019698126185,0.6089349886380347,0.9966787400299603,0.042388203348964155,PASS,1.0977627124878182,0.4519949988424018,0.9867851144507368,0.04275356437502215,PASS,0.4819300757544235,0.3866120924051696,0.9989829465374768,0.04285387692361015,PASS,0.04257051279335642,PASS,0.04285154277247228,1.0
rare_hot_anisotropic_w0.02_r4,rare_hot_anisotropic,2,0.23691042112448404,-4.9328609685123005e-05,0.0,True,0.23687454734340715,True,PASS,0.6706057064746067,0.002026604346116625,0.9999999886318934,0.23687463442047246,PASS,0.390913462457355,0.001251046357170874,0.9999999911114751,0.23687462670742415,PASS,0.3890292349618458,0.0011017933491421666,0.9999999958059224,0.23687455997264706,PASS,0.23687479699982278,PASS,0.2368747606499677,1.0
rare_hot_anisotropic_w0.02_r25,rare_hot_anisotropic,2,0.10139872260756397,-0.000988432938943159,0.0,True,0.10240137193743123,True,PASS,0.9941329369891092,0.13579493072171453,0.9999415137020028,0.1022826253217598,PASS,0.2074978010540767,0.04598109141555164,0.9997222505854484,0.10234804610601651,PASS,0.350702976448099,0.03871855271484143,0.9999801620537945,0.10236805408090917,PASS,0.10231232998141687,PASS,0.10236366436456253,1.0
rare_hot_anisotropic_w0.02_r100,rare_hot_anisotropic,2,0.02339211654273644,-0.003900839618865991,0.0,True,0.02378915747092669,True,PASS,0.9989955909168136,0.7231028706718954,0.9866868268598769,0.023549505816713577,PASS,1.664731219684272,0.8526939235034358,0.9743911710395917,0.023935177291818863,PASS,0.17089385321284772,0.18528201112573567,0.9986840057831676,0.023854409246929217,PASS,0.023645121024591938,PASS,0.023853136012624777,1.0
rare_hot_anisotropic_w0.02_r1000,rare_hot_anisotropic,2,0.009592324872423622,-0.007870089210973444,0.0,True,0.009820029195494817,True,PASS,0.9995555778267091,1.521531065438938,-0.9971868008420519,0.009537140443231448,PASS,3.5174273566665586,4.0353182753406145,0.9664332917399073,0.010383571358803844,PASS,0.4934775978885456,0.9894068288156219,0.9963227699872303,0.010035676480566925,PASS,0.00969142580098908,PASS,0.010035075516592776,1.0
rare_hot_anisotropic_w0.005_r4,rare_hot_anisotropic,2,0.22920103765229352,-3.3624709312409746e-06,0.0,True,0.2291399714277426,True,PASS,0.3557740038807118,0.0001440497753366677,0.9999999999455282,0.22913998080045403,PASS,0.21544716652852952,9.170345013482968e-05,0.9999999999575201,0.22913997819540655,PASS,0.23264344649914973,8.94469538651284e-05,0.9999999999730168,0.2291399762095242,PASS,0.2291402846864289,PASS,0.229140283615484,1.0
rare_hot_anisotropic_w0.005_r25,rare_hot_anisotropic,2,0.1605903553813445,-0.00010787346089071957,0.0,True,0.16134470797821765,True,PASS,0.9917227665898827,0.021036332715917413,0.9999986870536041,0.16132819958070158,PASS,0.6975161238890856,0.0158904091732948,0.9999996468226799,0.16133188452957192,PASS,0.7153674137161701,0.014578101640012983,0.9999994575270452,0.16133345422039905,PASS,0.16132750130293544,PASS,0.16132973588701766,1.0
rare_hot_anisotropic_w0.005_r100,rare_hot_anisotropic,2,0.028274543261100984,-0.0009686976698073163,0.0,True,0.028673762983817446,True,PASS,0.9996227183804908,0.3965960711660016,0.9988878502344448,0.0285320857076496,PASS,0.7458392610351877,0.19103183165938212,0.9908610041341177,0.028671632674217296,PASS,0.3726775859309365,0.11987079190581809,0.999782186371454,0.02863078932159643,PASS,0.02856014796525113,PASS,0.028629359540054945,1.0
rare_hot_anisotropic_w0.005_r1000,rare_hot_anisotropic,2,0.0034424861412272892,-0.006024101289470716,0.0,True,0.0036040614300951405,True,PASS,0.9999624320437064,1.8977134283322854,-0.999134537701394,0.0033318201425725914,PASS,6.494971861088938,9.562862116111331,0.9652443682017048,0.00510968373698088,PASS,0.3668054839705716,0.9531785222026881,0.995330700187381,0.0037734368104553767,PASS,0.0034517008884079933,PASS,0.003773204923073741,1.0
counterstream_ma2,near_delta_counterstream,2,0.12228260869565219,-0.041893897084054506,0.0,True,0.12383491738822018,True,PASS,2.7336480729116857,2.0506766963839973,0.9120161967720357,0.1242450702012073,PASS,3.616986226476048e-16,7.772124233265055e-16,1.0,0.12383491738822021,PASS,0.0635388563826319,0.04554810591222908,0.9996301100390511,0.12382622015157979,PASS,0.12383663476432573,PASS,0.12382796037854377,1.0
crossing_ma2,near_delta_crossing,2,0.17817072366258357,-0.02052800957118669,0.0,True,0.1784826892749207,True,PASS,0.7629277173775718,0.5382018660241831,0.9492614492292427,0.17846649829757763,PASS,8.98210887265329e-16,6.037026221094113e-16,1.0,0.1784826892749207,PASS,0.038037861080355256,0.021132976291272833,0.9998618193294984,0.178448572477564,PASS,0.17848410422812483,PASS,0.1784493599313273,1.0
rare_beam_ma2,near_delta_rare_beam,2,0.21062348438313566,-0.001762173657640642,0.07854671237902879,True,0.21070255546618621,True,PASS,0.3456581657733474,0.4392884969627998,0.9933430964414327,0.21070632754224602,PASS,0.018313556321249026,0.04887211539010849,0.9998533077103807,0.21070390914141612,PASS,0.05110550216701157,0.08664029285911885,0.99936047330106,0.2107035354186267,PASS,0.21070385278078632,PASS,0.2107031094509118,1.0
counterstream_ma4,near_delta_counterstream,2,0.01797124600638978,-0.09098286790553654,0.0,True,0.018902255779490475,True,PASS,7.486650059044563,10.717217175739684,0.6179351083597904,0.019234934895120893,PASS,2.0860467181532635e-17,7.113248810105043e-17,1.0,0.01890225577949046,PASS,0.10055553123682975,0.14171483039660307,0.9920241381944919,0.018897999516722604,PASS,0.0189126985746758,PASS,0.018908452997044283,1.0
crossing_ma4,near_delta_crossing,2,0.05625000000000004,-0.06786118866507997,0.0,True,0.05763135205203635,True,PASS,3.6198202019741723,4.078385445703591,0.2777010835693099,0.0580814210716779,PASS,8.650370351133678e-16,8.61956346332897e-16,1.0000000000000002,0.05763135205203655,PASS,0.08961421413436492,0.06953403006209269,0.9975850951687121,0.05762751898969322,PASS,0.05763813055218648,PASS,0.05763431653410492,1.0
rare_beam_ma4,near_delta_rare_beam,2,0.12789491875259038,-0.015434089125285466,0.2729958464039008,True,0.1282196877066284,True,PASS,0.733523693655679,1.2570164519372902,0.990927812745178,0.12841453066560865,PASS,0.18604414699082872,0.10423055780396745,0.9996102254525455,0.12820034594874685,PASS,0.07955021933748198,0.1066574475907978,0.9982743970143472,0.12820773281035852,PASS,0.12826717605190938,PASS,0.12820603977037046,1.0
counterstream_ma8,near_delta_counterstream,2,0.0015116904058048906,-0.11706773112550219,0.0,True,0.0018305044093408715,True,PASS,11.615440212306684,17.530568925794523,0.24344689502644656,0.0018876170913961117,PASS,8.484015839777268e-16,1.5557318979245482e-15,1.0,0.0018305044093408864,PASS,0.04824466700597142,0.07249994975504193,0.9974068789970644,0.0018302763672038125,PASS,0.0018468002177601417,PASS,0.0018465710153933495,1.0
crossing_ma8,near_delta_crossing,2,0.006327334083239602,-0.10724837653517945,0.0,True,0.00697624962876783,True,PASS,8.80968497895442,6.530145017212635,-0.19579352198415415,0.007132235183503289,PASS,5.501949679413096e-16,3.6814230788512725e-16,1.0,0.006976249628767846,PASS,0.07970523448595196,0.03617563387012327,0.9995880990170164,0.00697554339520101,PASS,0.00699254388628931,PASS,0.006991838957072499,1.0
rare_beam_ma8,near_delta_rare_beam,2,0.020727402541645682,-0.059309112002038845,0.8835600266400924,True,0.021228132527871767,True,PASS,0.8462656891780397,11.13625773914888,-0.9815462846813451,0.020381491050554392,PASS,1.4751035918270502e-15,8.421847106066245e-15,1.0,0.021228132527871733,PASS,0.10654067789779564,0.26462408523766473,0.9980618336140058,0.021170601729000683,PASS,0.021293592649390413,PASS,0.021171127767818196,1.0
counterstream_ma20,near_delta_counterstream,2,4.24820065101315e-05,-0.12639699506299962,0.0,True,9.890236051886927e-05,True,PASS,13.562506011072207,19.46619533745316,0.08299469189213013,-0.026795530137672413,PASS,1.2966915772874918e-16,6.7202471099690865e-21,1.0,9.890236051887724e-05,PASS,0.009575808194202964,0.01373435042927343,0.9999057119030486,9.889985183521649e-05,PASS,0.0001175073849518301,PASS,0.0001175044260938782,1.0
crossing_ma20,near_delta_crossing,2,0.0002002919811992695,-0.12453596041633311,0.0,True,0.00033227493196302034,True,PASS,12.877266806834594,7.281506067554399,-0.3210763184432439,-0.02120791355394772,PASS,1.5275387635165137e-15,8.691081504150188e-16,1.0,0.0003322749319629917,PASS,0.021380963434674313,0.007187397837338932,0.9999889528480336,0.0003322654200383913,PASS,0.0003539930403522316,PASS,0.00035398298831271967,1.0
rare_beam_ma20,near_delta_rare_beam,2,0.0006246963247817812,-0.11095460845913083,3.6819587895115578,True,0.0007099533195150683,True,PASS,0.8755632296733742,235.76399054094978,-0.9858579601918656,0.0003733672958844496,PASS,2.708110752261142e-15,8.134047362039572e-14,1.0,0.0007099533195150677,PASS,0.029688367130533595,0.5791595257135758,0.9622668424007556,0.000664074927700905,PASS,0.0007403441467552749,PASS,0.0006670420095749041,1.0
counterstream_ma100,near_delta_counterstream,2,6.917967503853064e-08,-0.12822311441118978,0.0,True,-3.3665142687258585e-05,True,PASS,13.982020540149003,19.78596665974864,0.051754192739092666,-0.03509446399583899,PASS,5.260125604824889e-16,7.256291350107718e-16,1.0000000000000002,-3.366514268682214e-05,PASS,0.000399300875003392,0.000565034796081966,0.9999998403679131,-3.3665093601476413e-05,PASS,2.144101281382796e-05,PASS,2.144099029022075e-05,1.0
crossing_ma100,near_delta_crossing,2,3.3428649059479245e-07,-0.12814623820142926,0.0,True,-2.8456014427169247e-05,True,PASS,13.952130700842359,7.424423391839881,-0.3428145879883365,-0.04023473491167574,PASS,2.5985258572007614e-15,1.4089589700098723e-15,1.0,-2.845601442689313e-05,PASS,0.0009518364056318495,0.0002997095155085838,0.9999999823507901,-2.9451647837370767e-05,PASS,2.8850537101924022e-05,PASS,2.88505008312604e-05,1.0
rare_beam_ma100,near_delta_rare_beam,2,1.0266483898475671e-06,-0.12753037832317168,73.66985770504883,True,2.877045064885743e-06,True,PASS,0.8807303436114328,7431.925368979087,-0.9848411549339848,6.117098016885385e-08,PASS,6.490666090703826e-16,7.110543364753101e-13,1.0,2.8770450651621336e-06,PASS,0.0013227674756964211,0.602656146528378,0.9445040826493751,-0.00010742870339853056,PASS,2.54380566906657e-05,PASS,1.0000113050162888e-12,0.2229207770215048
random_0000,random_multivariate_mixture,4,7.468007429787004e-06,-0.03556760772639685,18.44747247541368,True,0.0004177330870486112,True,PASS,0.48776790484151505,29.78211747229825,0.53541297963448,-0.22189844053556246,PASS,0.3249646295444221,21.30045547709113,-0.45520556555552344,-0.18295784195031645,PASS,0.18521312491810427,6.132704096177378,-0.7305673334373676,-0.046689385018675554,PASS,0.0003993125958008115,PASS,1.0000149959931847e-12,0.0637849039290574
random_0001,random_multivariate_mixture,2,0.00474868807278541,-0.040044475392558836,0.5123511136593015,True,0.00596967005531723,True,PASS,0.9815011434668578,5.038293293124389,-0.8725700939025398,0.005940263630511742,PASS,0.28823880590513684,0.4083467970658729,0.9701669142603931,0.005565586520546249,PASS,0.12178349930542698,0.11331914926181282,0.9935606016821233,0.005526776126320349,PASS,0.005899612203270712,PASS,0.00552528624200912,1.0
random_0002,random_multivariate_mixture,3,0.004566117394880014,-0.038336894524887075,0.2000676036345596,True,0.00606039339415835,True,PASS,0.2636409823056155,0.15113824462248157,0.9889798732945829,0.006032152723145089,PASS,0.17378694976117862,0.10319952655617014,0.9951487641806552,0.0059679686009301335,PASS,0.07565319593842784,0.05324660074264645,0.9986761503000535,0.006150525862912107,PASS,0.006052230193860867,PASS,0.006166841233244279,1.0
random_0003,random_multivariate_mixture,2,0.0007085670361470128,-0.06988302718280784,4.436183765033609,True,0.0008667227214944515,True,PASS,0.8229507078375531,59.094421858519,-0.9439345377547018,-0.026145366099325232,PASS,0.4082535342139318,2.9569287656987084,0.7955430961473465,-0.00968372994098583,PASS,0.04289642945112872,0.2799747886674398,0.9683433915992928,0.0009140716474738443,PASS,0.0008791662706497737,PASS,0.0009244157595163136,1.0
random_0004,random_multivariate_mixture,3,0.00016056838553701072,-0.04624336918179817,6.674547599639818,True,0.00034395537428659196,True,PASS,7.017684676943419,5.2739686526869445,-0.3634264718020676,-0.019819157134446548,PASS,1.5935058623460938,2.513997064519216,0.8459998345579689,0.0003413572535452833,PASS,0.06714017448740131,0.7047279697954082,0.7854513182720867,0.00013439358298919304,PASS,0.0003837888593632802,PASS,0.00017143123050544589,1.0
random_0005,random_multivariate_mixture,4,0.010592635688027022,-0.03974698200831659,1.8065743309428102,True,0.012663821091697973,True,PASS,0.7249979313738565,1.6572127288319938,0.7042352188299565,0.01108722519574534,PASS,0.5554183524946216,3.0252922181960966,-0.7553786529424817,0.011013497138225128,PASS,0.13667325751337633,1.0231118442491063,0.23429172263093134,0.012516450066665097,PASS,0.01191686825131718,PASS,0.012509636470622573,1.0
random_0006,random_multivariate_mixture,3,0.010277723204331464,-0.08819129479872108,0.5596543988175985,True,0.015434574005615752,True,PASS,3.313638734248177,5.544297082139176,0.6349332056289099,0.015067114817931748,PASS,0.2229198236854443,0.3658525244099667,0.9370217363116001,0.015429570378605212,PASS,0.0926400105476069,0.09765063687282012,0.9953520646932998,0.015439372045351896,PASS,0.015369123004625777,PASS,0.015421615928336584,1.0
random_0007,random_multivariate_mixture,2,0.04317936008150732,-0.01760669355909254,0.33876972920950177,True,0.045713646430309764,True,PASS,0.7656141721830897,0.4490509629470745,0.9077793075940859,0.04381998785863498,PASS,0.4274182167923426,0.3011697375938801,0.9550278383790723,0.044858039473246125,PASS,0.07620713538822999,0.16225611481766042,0.9876615375172019,0.04644921536994613,PASS,0.04544766008752392,PASS,0.046439625451525725,1.0
random_0008,random_multivariate_mixture,4,9.029118585725666e-05,-0.05999580906274919,1.535397000286401,True,0.00030896166847598655,True,PASS,0.350001314037316,1.6910138834741635,-0.36527112712880433,0.00033507126462839536,PASS,0.2492224935183962,2.0788042452441067,0.19066736195519346,0.0003653942966695256,PASS,0.11197038652090877,0.8628617792519369,0.5122055353414418,0.0007958208846007098,PASS,0.00032237775685465744,PASS,0.0008183027910090089,1.0
random_0009,random_multivariate_mixture,2,0.0005068535727567075,-0.03216630757863392,0.19496058717780101,True,0.0006786087081116393,True,PASS,0.4457457514195082,0.3329807748743327,0.9737298743858801,0.0006785919088071735,PASS,0.21609278445161892,0.38552694965148615,0.9226969604366287,0.0006778165419151307,PASS,0.18931218282505036,0.07299632656099438,0.9978764827068607,-0.00019339180319783006,PASS,0.0007003334895246894,PASS,9.99876204317183e-13,0.8049115102645882
random_0010,random_multivariate_mixture,3,1.677587105967363e-05,-0.08143445321855072,1.5265523129505103,True,4.506773494682594e-05,True,PASS,6.949031136930479,7.169978131699104,-0.35512019178024984,-0.004504511414061243,PASS,0.8928208707739099,9.823176194231003,0.33962018224079865,4.422203231410914e-05,PASS,0.49050042100203317,1.2356845163096248,0.7440471072998864,-2.1701546141365287e-05,PASS,8.851068046434384e-05,PASS,2.194373922665532e-05,1.0
random_0011,random_multivariate_mixture,2,0.00026276906548988987,-0.10938065949304675,0.017272695349894722,True,0.0014354984428612742,True,PASS,0.1098655713776788,0.1297911101946474,0.9996396119995986,0.0013955784404586953,PASS,0.04051983219570336,0.06141415493579868,0.9994594087199211,0.0013863722828073518,PASS,0.09383085619030504,0.12559267106194477,0.9935755897082367,-0.0037219400372647577,PASS,0.0014364928989247213,PASS,1.0000778946752818e-12,0.3481793721936613
random_0012,random_multivariate_mixture,3,9.936957282808664e-05,-0.046751209483605324,23.280415429521153,True,0.00029723300559948896,True,PASS,0.8046764438296572,11.602670910677078,-0.28350095184107416,-0.08178347727977331,PASS,0.5281163118889943,25.18543777669806,0.21913895093597732,-0.2507564582535717,PASS,0.09683027635098931,4.507482178682884,0.2087661176072651,-0.09117310567476472,PASS,0.0003077832955370636,PASS,1.0000179668449373e-12,0.03303119005977361
random_0013,random_multivariate_mixture,4,0.005277338745099072,-0.06942024863059629,0.8273197748272338,True,0.007356682959124673,True,PASS,0.4344709064642212,3.4787138542800062,-0.7419651884241951,0.007770779477951804,PASS,0.3544380400544291,0.7096355644102964,0.8484330700935048,0.0060736138928900625,PASS,0.14856374320839127,0.4000817598742815,0.9667566794785356,0.007460018529743294,PASS,0.007244606978423973,PASS,0.0074544268652643915,1.0
random_0014,random_multivariate_mixture,4,0.00073666953130314,-0.10072749968776495,1.1251966669463211,True,0.005789153222000042,True,PASS,10.579179692601404,6.063846900781128,-0.2666914350244091,-0.011652407940817743,PASS,0.16392797899773331,0.2407696038974382,0.9785309066473216,0.005035547572849365,PASS,0.08450941779126064,0.0803437381053673,0.9968656262298045,0.0061863881438730004,PASS,0.0057407295191516765,PASS,0.006184144873782174,1.0
random_0015,random_multivariate_mixture,2,8.912603156403604e-07,-0.11783933392806822,176.0509180282674,True,-0.0001888541678575321,True,PASS,0.9495319611922506,23046.4681240593,-0.98932890115023,-0.3746458331972521,PASS,0.024539169416469383,31.969134881390346,0.3400500303267255,-0.9243743695106802,PASS,0.005985713289660599,6.79879875985339,-0.8001304403800543,-0.10776048339562251,PASS,6.462267833536247e-06,PASS,1.0000071026048112e-12,0.005865212715293631
random_0016,random_multivariate_mixture,4,0.001506605044340437,-0.06351139107443353,8.658389380528266,True,0.0024536348018540646,True,PASS,0.8563124053153955,30.091460526724305,-0.1073793794943107,-0.0006187996045070328,PASS,0.22468181901960815,1.479067157503326,0.4985390092485057,-0.011045990385291039,PASS,0.09729318176707169,0.3798021693514398,0.9595587384177269,-0.003805019023187564,PASS,0.0019837682584553863,PASS,1.000024424043807e-12,0.6085053470399537
random_0017,random_multivariate_mixture,4,0.0013741561970479145,-0.053312624978710026,0.6442821221856532,True,0.0020724914439505626,True,PASS,0.8947514791598472,2.82270014840446,-0.5257025186768917,0.0027017819203192977,PASS,0.2921019262980408,0.4189173680927162,0.9303236755067337,0.0018546111829942284,PASS,0.4258497467985943,0.6752949960880116,0.9533829050991192,0.00329230067443663,PASS,0.002106282511991112,PASS,0.0032897317478440633,1.0
random_0018,random_multivariate_mixture,2,6.237404046348498e-07,-0.12469347922455458,30.72913934824339,True,-1.3751128401556592e-06,True,PASS,0.33951137688913324,779.5619224598177,0.611871587605693,-0.33464509651736013,FAILED,,,,,PASS,0.008853322229310602,1.298303346713801,0.42610098526827694,-0.002139884213613577,FAILED,,PASS,1.0000080968036075e-12,0.1122492260424587
random_0019,random_multivariate_mixture,4,0.005933508075314915,-0.012657804635613256,0.9690942050492178,True,0.007977779969220626,True,PASS,0.8631784822756375,11.375314034072415,0.29949237530643535,-0.00223291713140257,PASS,0.4571959807981703,7.952087699189385,0.32938567901922117,0.0005606227052641827,PASS,0.13344771835684494,0.9690004120906652,0.7751966518789066,0.007544014701136796,PASS,0.007250421250806859,PASS,0.007537054727885686,1.0
random_0020,random_multivariate_mixture,4,0.005762983058729062,-0.07611756297978439,0.7048352943587394,True,0.007968649112312312,True,PASS,4.009520673241172,2.7536968564139963,0.09010462075640183,0.006571016231604931,PASS,0.5420325796579021,0.40562053630375555,0.9141867082809387,0.00807180626137597,PASS,0.12249271836315297,0.071147337948578,0.9975273219201933,0.008034261180214199,PASS,0.00788750443294918,PASS,0.008051814371927446,1.0
random_0021,random_multivariate_mixture,2,4.1627574507462016e-05,-0.12041260382294451,6.882545871612039,True,0.00018766089317155142,True,PASS,2.4734055229942205,8.523256019820478,0.18901173489021092,-0.018970865789446054,PASS,0.18282476352841287,5.041510588675654,0.25092400319884167,-0.01059520589698787,PASS,0.07629783489954882,0.6228629368277518,0.8034796200748572,-0.0017864635448641428,PASS,0.00021185935052266878,PASS,1.0000219856353032e-12,0.1582571335653495
random_0022,random_multivariate_mixture,2,2.0119182012786087e-07,-0.12284757938698183,2.070071653905788,True,-1.1723630626478078e-05,True,PASS,11.377841692705587,5.675699008285243,-0.35494806273210466,-0.029886542369520378,PASS,0.21977737202489156,0.35514535148658044,0.9682950459579508,-1.1739625951953775e-05,PASS,0.0840435891242708,0.22766666048409842,0.9752220884775211,-4.8505307153704595e-05,PASS,3.475066254977588e-05,PASS,1.0000009001780006e-12,0.8987460077113368
random_0023,random_multivariate_mixture,3,4.972889496026021e-05,-0.08660260110112222,13.698935881930861,True,7.65401728073825e-05,True,PASS,1.367659292446874,57.88190564077079,-0.3572992888752944,-0.03564746949362307,PASS,0.3174162621305677,84.2433085603359,-0.1756498487107264,-0.11382387120399744,PASS,0.08587735518638522,15.403566505959251,0.47695547230253044,-0.022306471561176475,PASS,0.00010229724255733363,PASS,1.0000054774564604e-12,0.10319323211513548
random_0024,random_multivariate_mixture,2,7.120141665149712e-05,-0.11951209240991258,66.98027625930321,True,0.0007215428549081283,True,PASS,0.5469745459678819,1093.6146702065043,0.7711996203642617,-0.40397412186401854,PASS,0.0200436385974951,4.726852534568232,0.6256711617306866,-0.030290548800032593,PASS,0.012970072779073683,2.860751946842907,-0.34610219927369373,-0.013233934869678788,PASS,0.0007348184220899036,PASS,1.0000403075335638e-12,0.2562131250779686
random_0025,random_multivariate_mixture,3,0.0009522511466061427,-0.0907524828360417,34.9534123630045,True,0.0020772487027167228,True,PASS,6.262533793534124,2.295526462419295,-0.3147101119667382,0.002026523528180465,PASS,0.28294151324561595,27.571000871589675,-0.44049488746310095,-0.029723118614791502,PASS,0.07169718262481581,5.979659533441999,0.40190215196921025,-0.02012039771345531,PASS,0.0026327708013742838,PASS,1.000010521276148e-12,0.42461574234492794
random_0026,random_multivariate_mixture,4,0.006191855650465544,-0.03426850365804816,1.4516582832460363,True,0.0076515182492237635,True,PASS,1.3137830983756313,3.9404635586944092,0.25286608165064256,0.007349094376304237,PASS,0.8486006860267273,4.190776995283931,0.5307421871634678,0.0075410318889598685,PASS,0.2513904285932286,1.446213320173294,0.5768001106483831,0.008884436770885787,PASS,0.007657154007946336,PASS,0.008909478467070206,1.0
random_0027,random_multivariate_mixture,3,0.0002711559800843019,-0.10876443505020102,7.352494393722671,True,0.001525760282852158,True,PASS,8.683411905338216,4.570000701529748,0.01955487106023784,-0.0025107124364430818,PASS,0.08962783501401742,2.125691625814019,0.6116602948546987,0.0004381027927936688,PASS,0.028801184624340937,0.5086842540590183,0.9403760420737877,0.001420620328567961,PASS,0.0015259128812244466,PASS,0.0014577344949049124,1.0
random_0028,random_multivariate_mixture,2,0.02889684760667593,-0.030133682364718348,0.49427501979293803,True,0.030711678752813536,True,PASS,0.7896440219115554,1.06830566568109,0.9134786470344144,0.030354376558049765,PASS,0.7483507695189583,1.2922332959445209,0.8308066799420925,0.030015231615246194,PASS,0.12219260940220862,0.3685165056423711,0.940897386351858,0.03082997326000553,PASS,0.030722781361618965,PASS,0.030834054486591597,1.0
random_0029,random_multivariate_mixture,3,0.00026696973160734934,-0.08076482665216166,1.9762731601514298,True,0.0019013365124277571,True,PASS,1.890952725014752,1.8207786917755924,0.5110136948336429,0.0015828338939348596,PASS,0.447097057885445,2.3452427638437277,0.4885928776228691,0.0018503166945068538,PASS,0.09089120686247583,0.515336029587788,0.8808848219679878,0.00205002290863111,PASS,0.0019288913262320042,PASS,0.0020763091204411585,1.0
random_0030,random_multivariate_mixture,2,0.00040905684221790174,-0.11409744773537751,0.010746957691604733,True,0.0006509933896120316,True,PASS,0.09681353818886977,0.12418608638622655,0.9998771126400291,0.0006490717132560721,PASS,0.05461147443014776,0.07481667249745808,0.9996147855459729,0.0006489924930449891,PASS,0.07013782374825397,0.09110388646502775,0.9962745228543581,-0.002778228294936205,PASS,0.0006660239154888108,PASS,1.0000004653364472e-12,0.2505605777817896
random_0031,random_multivariate_mixture,2,0.004356682596412468,-0.07642094983662352,0.0748744374328329,True,0.005468668837916741,True,PASS,0.26607323355455087,0.2277363562320339,0.9875419018200537,0.005394049046404535,PASS,0.20017838698020254,0.17386468685863973,0.9890295330213422,0.005420363211287161,PASS,0.09689214183509944,0.09431755297600042,0.9957521334444491,0.000860915081611171,PASS,0.005470226245986258,PASS,0.0008709200097331489,1.0
random_0032,random_multivariate_mixture,4,0.00015799934366531602,-0.06652038192083506,11.302716991423313,True,0.0015280130762109498,True,PASS,3.0680852392776914,10.953498742946996,0.05179673766009954,-0.030077843230695303,PASS,0.4139943867434343,5.925462185801817,0.1794927179313632,-0.007135546635596748,PASS,0.11314439578299292,6.050055639768133,0.33846387720704096,-0.021224266571354424,PASS,0.0015560318007177096,PASS,1.0000415048594752e-12,0.2258520110458157
random_0033,random_multivariate_mixture,4,5.579147625398637e-07,-0.12477805788956704,3.1962227752086902,True,-6.859169070437087e-07,True,PASS,1.0230856484202078,33.10692178881282,-0.31003850863563853,-6.685385467642208e-07,PASS,0.033886999496699204,0.8041065202348833,0.8489748920925209,-5.995959862187322e-07,PASS,0.006083406749213117,0.08714472905694325,0.9962978732037099,-0.00010566695035029165,PASS,2.0916146608530343e-05,PASS,1.0000037603233943e-12,0.22550557845534058
random_0034,random_multivariate_mixture,2,0.0004061700108934455,-0.1109995833287122,4.098209928068777,True,0.00048624041557366086,True,PASS,0.9034809721575129,300.66248285387655,-0.9823221118565972,-0.006974038586823376,PASS,0.024866106654054764,0.6744233601199118,0.7415489820333434,0.00047772771725868046,PASS,0.042763970512019356,0.5589100364155939,0.9503968036083262,0.000507077819504688,PASS,0.0005238154890526737,PASS,0.0005107569449192453,1.0
random_0035,random_multivariate_mixture,2,4.883381207176196e-07,-0.1271814031200697,274.8106087059385,True,-8.248323126376031e-06,True,PASS,9.851403314897377,73.40862995352238,0.05314004121612307,-0.838255156759623,PASS,0.010965573160457556,3.4568291296305205,0.3869687983609453,-0.061710578671845054,PASS,0.003714997830555775,1.3091612147108076,0.6609143780440869,-0.011967957938716077,PASS,3.295002746880919e-05,PASS,1.0000336805352934e-12,0.015301709416161836
random_0036,random_multivariate_mixture,4,0.000793656453757427,-0.09060635332062818,4.628347010869605,True,0.0014919986026481651,True,PASS,0.9084513807295791,266.1261612266233,-0.978086875939559,-0.006239151527209588,PASS,0.2062648456192861,2.0413573188068486,0.05917164657927374,-0.0012754007511625231,PASS,0.027093018338823775,0.7498320748773445,0.8659799924154669,0.001534198889727364,PASS,0.0014409017669832934,PASS,0.0015344981422950475,1.0
random_0037,random_multivariate_mixture,3,0.001441202573957758,-0.050730360289375734,0.18914487349812495,True,0.002179029815726627,True,PASS,3.198812512598869,2.615569142820008,-0.024193905499114862,0.0021843705609959755,PASS,0.3390609834160118,0.16865509732969403,0.9856848800602832,0.002172738665701861,PASS,0.16052418747655287,0.15774910251799323,0.9915990842557363,0.002065890977241779,PASS,0.002214617855725568,PASS,0.0021025992900733973,1.0
random_0038,random_multivariate_mixture,3,5.476087173871162e-10,-0.08084253841592696,696.0056779365927,True,-0.0033400915052012154,True,PASS,0.8680403477643112,9563.689564188173,0.013220166948287225,-0.06783691663744155,PASS,0.45706489620600715,505.585975082782,-0.20443166043261451,-2.4785194787980237e+17,PASS,0.02547425247322872,20.700758690597805,-0.3107806108912106,-0.789006288617467,PASS,-0.0006303193111567301,PASS,1.0000149165247924e-12,0.0010662893076515247
random_0039,random_multivariate_mixture,3,6.911893784185389e-06,-0.10039174594646293,29.950603414185107,True,1.2371432468196217e-05,True,PASS,0.9734659985341982,733.1828024201833,0.07667205621236715,-2.9991293528427974e+17,PASS,0.45140824006975466,1385.3247317138432,-0.45183769186929934,-2.1412320155917217,PASS,0.026933823937082255,1.302053851563901,0.7600962826033654,-0.030546113738430556,PASS,-0.00018166301749010172,PASS,1.0000496019924006e-12,0.002055421204808029
random_0040,random_multivariate_mixture,3,7.312908616740045e-06,-0.12174982483100472,22.6729805172993,True,1.4202919312196367e-05,True,PASS,5.35728584586659,40.06236493742374,-0.4027136444258798,-0.010559215409275336,PASS,0.037264480563124376,2.992770774701989,0.2209260301566233,-0.0017702793542318381,PASS,0.015790992787911275,1.14520346057314,0.6130164842123441,-6.135093194499788e-05,PASS,5.528603271112798e-05,PASS,1.0000110317523217e-12,0.9226996656177995
random_0041,random_multivariate_mixture,3,0.0008872102561451405,-0.05599594258513005,14.694530222092817,True,0.001509778833990668,True,PASS,0.8855393848451621,168.07303793339426,-0.9492519233613594,-0.0017279055180396984,PASS,0.16757241962131292,6.19571885995177,0.8110087826281813,-0.029507301719273713,PASS,0.02233830731826163,0.7933591890629176,0.7165578925475709,-0.005073647635878267,PASS,0.0014246098294870466,PASS,1.000035595259556e-12,0.41439793808051156
random_0042,random_multivariate_mixture,4,0.0015289059918421504,-0.056992753197717926,2.2265552851662966,True,0.0020321045448324962,True,PASS,0.9634291820936938,208.12893858638523,-0.9617735293089863,-0.0016604849217350527,PASS,0.1972265350109417,8.23553796903442,-0.2956927847236109,-0.009564285674668929,PASS,0.015337555926852925,0.20272812223154804,0.985205908652349,0.0021121941261117404,PASS,0.0020545914148532496,PASS,0.00211102610841449,1.0
random_0043,random_multivariate_mixture,3,1.2685928999863512e-06,-0.111910492540808,37.33209593512991,True,1.1449563370287256e-06,True,PASS,1.2379852197357835,274.52571205255884,-0.5541650946459643,-0.029736495506698494,PASS,0.10943112930236601,16.118803226121642,-0.5193225040517213,-0.03678252263375403,PASS,0.026957851187578628,2.4738841016374455,0.13570619995774297,-0.0035628793093003554,PASS,2.9766800840916266e-05,PASS,1.000004577714059e-12,0.15555823774610628
random_0044,random_multivariate_mixture,4,0.0015752744946245644,-0.09784070272653346,5.1044987443528,True,0.002829505313571244,True,PASS,2.089198595344929,10.196656188055245,-0.295125737915284,0.0026997458164370477,PASS,0.12531473317935918,2.461258216381755,0.2333829590219344,0.0022207612013844746,PASS,0.04200165777528806,0.720747811798684,0.729260734427699,0.0022055452159189357,PASS,0.002858492492078464,PASS,0.0022171042173397422,1.0
random_0045,random_multivariate_mixture,4,0.0011425091717034994,-0.02493322182189845,0.8840346074342887,True,0.002491513149115522,True,PASS,0.8845256252533076,4.188178831695969,-0.6651904702219307,0.0030548075075653913,PASS,0.492299784121112,1.9691185282051469,-0.025624421367681602,-4.384565824628068e-05,PASS,0.16774503225025575,0.7029511478601165,0.8700368119731091,0.002391266197311433,PASS,0.0021973868180044163,PASS,0.0023906390475907516,1.0
random_0046,random_multivariate_mixture,3,0.0006987440939137356,-0.08299417729417173,7.032451685370759,True,0.0027739686262923608,True,PASS,8.982844960482003,6.66859798094155,-0.28164668408937205,-0.0095019540853624,PASS,0.4880967182272508,5.412575796758792,0.7931129567125168,0.0027064388830905658,PASS,0.07179891688344084,1.0926697508059464,0.8266393999546111,0.00032678734994145156,PASS,0.0027936421638916423,PASS,0.0003394837451544142,1.0
random_0047,random_multivariate_mixture,4,0.0009526880985524299,-0.027311386181399364,1.2262561338746791,True,0.0027924836857970868,True,PASS,0.8913309895867987,8.541085026004861,-0.49410019525526605,0.001564398276296699,PASS,0.844108106344163,3.196258184211868,-0.6223105220524815,-0.005090194357463608,PASS,0.11292525936821655,1.2661469143400275,0.5011757918341897,0.0026872184186014928,PASS,0.002513021979276088,PASS,0.002680219212033039,1.0
random_0048,random_multivariate_mixture,3,7.336387426584639e-05,-0.11615487463200053,21.42443477382861,True,0.000417535089870913,True,PASS,7.06447697124016,13.433554169101214,-0.6321335426969925,-0.05311506135331585,PASS,0.08110839830493505,2.398209632261353,0.6060722719033846,-0.006935599419065826,PASS,0.032461506381009315,0.5652984104856319,0.8470904587579244,-0.00017148645635499442,PASS,0.00045980576558629887,PASS,1.0000270403235487e-12,0.9085873161017312
random_0049,random_multivariate_mixture,3,6.934364976479705e-05,-0.10206766570061643,4.050428265729686,True,0.00046490974184688346,True,PASS,0.9644780497376353,616.4197275510294,-0.843957864668619,-0.30709772109701516,PASS,0.2648374237042025,63.063472574490895,-0.5409276452853309,-0.0792040282030624,PASS,0.06260775043936198,2.6698728987513234,-0.5453662470485477,-0.0026050522972971696,PASS,0.0004257108542024786,PASS,1.0000454249857214e-12,0.2358863732888861
random_0050,random_multivariate_mixture,4,0.0002692659177895305,-0.11703118747759488,3.027164762269388,True,0.0004022273482821063,True,PASS,2.3291568684326935,3.0164300126903445,-0.37135457986537646,0.00040848314154335355,PASS,0.07101498773676984,0.7604414882239804,0.6939449602842752,0.00043374001903010784,PASS,0.06236265024955729,0.8271427489421729,0.5895334461662307,0.000504767666189486,PASS,0.0004284934081316015,PASS,0.0005240798342834259,1.0
random_0051,random_multivariate_mixture,4,0.00310161801385916,-0.0866036889930547,0.4631800813610513,True,0.003965768638333151,True,PASS,0.5151135820095115,1.1169030322147269,0.8067597376077118,0.003921358998219473,PASS,0.6909733625871302,0.5029184010337,0.8658851020018434,0.003917455052703439,PASS,0.49729825047205023,0.19845500021733714,0.9842630506904171,0.0029834326721832898,PASS,0.00396691508268336,PASS,0.0030019290833502815,1.0
random_0052,random_multivariate_mixture,2,8.893623577943216e-06,-0.11841829900323163,6.508743020859546,True,1.8665775714642987e-05,True,PASS,0.9184103973279525,372.5892821205332,-0.2674314838282499,-7.386334646404948,PASS,0.09708849091398743,23.67098460892673,-0.12515134632367605,-0.04751149983079537,PASS,0.013112143374629215,0.3571292844151654,0.9383147238689439,-0.0004447621576486694,PASS,2.6351558394398712e-05,PASS,1.0000122680672381e-12,0.19475682400638497
random_0053,random_multivariate_mixture,2,4.269806715164452e-09,-0.12826167312730946,2772.2815642422215,True,-0.00838604468089348,True,PASS,0.7688241110132393,234722.83000449763,-0.7227297816347974,-0.5162814896454113,FAILED,,,,,PASS,5.9032271508869817e-05,1.1970328941823214,0.2830097571469507,-0.013226249768112961,FAILED,,PASS,9.999520709323205e-13,0.00435855943709952
random_0054,random_multivariate_mixture,2,7.038354560530285e-05,-0.05856221888621249,0.3605386954907472,True,0.00011460708863869073,True,PASS,0.9295663101494147,1.9392989028735077,-0.9814329982108003,0.0001125086147592707,PASS,0.6304806641886834,0.6283727180141273,0.8402106318130566,0.00011370453848850209,PASS,0.11756986634465041,0.14721325254071227,0.9987883160179147,-0.0017197964850257505,PASS,0.00012726969841952355,PASS,1.0000069379265642e-12,0.1490035465883919
random_0055,random_multivariate_mixture,2,0.0009028742109336953,-0.07537272243397038,0.5218656146219547,True,0.004629408652802065,True,PASS,12.38913931665948,8.461012671979551,-0.3788188191043556,0.0038275466159762937,PASS,0.1295322367466064,0.14225347541561376,0.9901535299561822,0.004615103451028936,PASS,0.040692809022695925,0.08145387110148387,0.9973335179803988,0.0045576414831104,PASS,0.004658260013191057,PASS,0.004588064564520216,1.0
random_0056,random_multivariate_mixture,4,0.0011915292739482816,-0.03680444345989878,3.6923876529124087,True,0.004436745502877706,True,PASS,1.2052039891070303,5.532787580201243,-0.30291953844826536,-0.01854113456946231,PASS,0.5341909851841845,6.315429676799563,-0.1673803287183429,-0.0026609090913191987,PASS,0.1724835976885687,0.7817934820860024,0.8753238137042368,0.0018603778891554772,PASS,0.003756887914324228,PASS,0.0018381058238844796,1.0
random_0057,random_multivariate_mixture,2,3.5792066006730174e-06,-0.11045802821417398,0.059010479106905656,True,2.847431299972086e-06,True,PASS,0.18847728462935134,0.2577367478545309,0.998403721592665,2.9086742955653913e-06,PASS,0.08698095353765539,0.07134830673159073,0.99934339979507,2.8798723446447274e-06,PASS,0.12924049545575106,0.1271920894493171,0.9921388068723104,-0.0011972118583466792,PASS,3.39369519224093e-05,PASS,1.0000077300676214e-12,0.41106419579126857
random_0058,random_multivariate_mixture,3,5.818896107876526e-06,-0.10948775574271534,22.821285630631305,True,1.319168330843819e-05,True,PASS,0.6967628467898979,112.33130357993973,0.1618661252129698,-0.17291814776668515,PASS,0.20377983620709605,11.90590558694897,-0.28125811638084525,-0.1784760001685649,PASS,0.1346803008098064,7.667825887090957,0.03302475275680822,-0.07242333584889447,PASS,3.7835989738481025e-05,PASS,1.0000082732596054e-12,0.017240978373804887
random_0059,random_multivariate_mixture,4,3.159827568131508e-05,-0.06947839026548949,1.5699949940376232,True,0.0016922674509041596,True,PASS,0.4526981298511057,9.094436104451953,-0.4314835700113202,-0.0004025371336612991,PASS,0.52237728907169,11.610601752215366,-0.4011777816197866,0.0012548110460009942,PASS,0.08218991875184524,0.4438989871603782,0.9003891662607102,0.0019460186281758459,PASS,0.0017141074499928731,PASS,0.0019607769114484727,1.0
random_0060,random_multivariate_mixture,3,0.06154056585271994,-0.019709030277632367,0.08266765170820944,True,0.06265034888238466,True,PASS,0.9705040240450714,0.7783307081305798,0.9856341891477951,0.06222634032715677,PASS,0.506402574366945,0.2550783334778938,0.9684155882006065,0.06262572870858057,PASS,0.35367948771095625,0.17624647551317096,0.9953899242347474,0.06256030505792246,PASS,0.062491479649045646,PASS,0.06255700397013139,1.0
random_0061,random_multivariate_mixture,2,0.00011561926129203554,-0.06295401858513709,0.18885104278452633,True,0.00022598786402581517,True,PASS,0.7757962305663262,0.8890412030663336,0.89403024770013,0.00022333644878585598,PASS,0.2504195797360747,0.28334192588163504,0.9972659156274849,0.00022637144841711594,PASS,0.21379309893342516,0.20949059500639844,0.9934183601466889,-0.0020664314660992027,PASS,0.00024156618610844758,PASS,1.0000075805532856e-12,0.1387731387166818
random_0062,random_multivariate_mixture,4,0.00029435543229606445,-0.08744576253891631,1.7191000224474318,True,0.002119546309128403,True,PASS,0.329939018322652,20.021418353392722,-0.8559009204190354,0.0021039048998330394,PASS,0.14323403322299533,1.44659047075742,0.8838005392558825,0.00013203422456626524,PASS,0.048271262972949217,0.41742674423982296,0.9136425594068349,0.0023060352761326113,PASS,0.001969346696739436,PASS,0.0023039224242671183,1.0
random_0063,random_multivariate_mixture,3,4.554174359219216e-08,-0.11491233722233951,185.97978894263917,True,-5.132309129123148e-06,True,PASS,0.33778465885643694,2321.995091433655,-0.4489523012679652,-2.3630675425870714e+17,PASS,0.12832375852955907,140.43483043535159,-0.11450809916819966,-0.7036824096982957,PASS,0.011937275580705613,5.62533047633381,0.726173351519257,-0.027416602344674572,PASS,1.6137755051744592e-05,PASS,1.0000055811515867e-12,0.032511234018870405
random_0064,random_multivariate_mixture,2,0.00010677071312269983,-0.0410480374454904,0.07715833132992295,True,0.0006341889194892799,True,PASS,0.7167935161922023,0.5015843851173054,0.956941698522956,0.0006234339135727836,PASS,0.21037980599281628,0.15256111536189212,0.9891654049257111,0.0006270926138173111,PASS,0.11923914172629045,0.06191406275300439,0.9981638225095899,0.00017420293379279513,PASS,0.0006569092182536189,PASS,0.0001995951862607018,1.0
random_0065,random_multivariate_mixture,2,1.792314578961398e-08,-0.12795376920771043,82.92210090909803,True,-2.217350229756958e-05,True,PASS,7.029730293026842,91.39145569254978,-0.2751657305194327,-0.38399555517721407,PASS,0.011826814318361089,2.309798067806411,-0.30908931261426636,-0.020740855664190296,PASS,0.005395073718622597,2.9104817377277583,-0.14857434203511055,-0.00514442261258522,PASS,2.8095472575914393e-05,PASS,1.000004024102835e-12,0.5568213409833316
random_0066,random_multivariate_mixture,4,0.00017584011130119908,-0.08253315524068353,17.18702751209297,True,0.0010232765485139411,True,PASS,0.802044751368701,10.861938550132171,0.12005227968438892,-0.026281828227070005,PASS,0.5989665170277014,20.68691728035583,0.17671919463566338,-0.5339729644950895,PASS,0.11045546191982565,0.535876932138316,0.9361771209269844,-0.01579405376077995,PASS,-0.00041376733255522316,PASS,1.0000297704917835e-12,0.19787543237148403
random_0067,random_multivariate_mixture,3,0.0028409435127410296,-0.04696641945152435,0.03469347311722369,True,0.005888845310394729,True,PASS,0.03767157784944241,0.02807100496158084,0.9996286226369498,0.005808422077634591,PASS,0.051318009878047,0.0480870314030078,0.9996267406904199,0.005724163209244587,PASS,0.027281687091252827,0.030068829897892085,0.999604192374971,0.005649906628354338,PASS,0.005828901824036603,PASS,0.005647787493955771,1.0
random_0068,random_multivariate_mixture,2,1.0141129977061927e-05,-0.10974315253834743,1.489130415406973,True,0.0003323444148793035,True,PASS,0.38913993361924354,5.6638129682226275,-0.4794510433735892,0.00027434463754531286,PASS,0.13728937741211572,0.6022792731587228,0.9176564154384266,0.0002900346633410803,PASS,0.022596745472783633,0.4882741659379851,0.8958983626663805,0.0006380719979253668,PASS,0.00035051505796831074,PASS,0.0006483876440088728,1.0
random_0069,random_multivariate_mixture,4,0.041884499795430484,-0.00921410455922665,0.22744630620106376,True,0.04410073321091139,True,PASS,0.8333275411310239,0.44462194093174384,0.9141062317685056,0.04332427767258246,PASS,0.5891141499863596,0.25479368251859497,0.9672915221680035,0.04371173090396636,PASS,0.16805884793450537,0.10900469917046351,0.9940417078870161,0.04439170774749306,PASS,0.04398032514852119,PASS,0.04438379254233187,1.0
random_0070,random_multivariate_mixture,4,0.002008958460350065,-0.04488283598552448,2.1790175552037905,True,0.006336765210541931,True,PASS,2.318452867448194,2.6385696905323917,0.18524730317410337,0.004576833246531568,PASS,0.5565032248815392,2.561650876650246,-0.13205512930437344,0.004248212837227405,PASS,0.3329669611035273,1.464661481549384,0.2810155523927061,0.0082772428994766,PASS,0.005974196217935818,PASS,0.00825192112179404,1.0
random_0071,random_multivariate_mixture,2,3.3469609788890166e-05,-0.09393929142313459,1.9825406384952835,True,0.00015651546907858094,True,PASS,3.3880882727611605,8.296399968743884,0.06141218529683872,0.00015665304818075445,PASS,0.09196882603554588,0.6076547125454212,0.8135748727321657,0.00015443410911335833,PASS,0.05856515466445832,0.3182371227514603,0.9493130857087436,0.00015239554256783037,PASS,0.00019237173417182394,PASS,0.00018911596257806257,1.0
random_0072,random_multivariate_mixture,2,0.0001008827529105607,-0.11831611883550722,0.20460095708442982,True,0.0002848445361940429,True,PASS,1.1996343186066178,1.8943503681247151,0.9938675267641455,0.00028912978536800625,PASS,0.10551407138303599,0.0946817764744333,0.999572461782837,0.000285282297275838,PASS,0.0791358832335194,0.09911448116843591,0.9998278943289468,0.00028460132959544924,PASS,0.00031057763330738503,PASS,0.0003095289212538967,1.0
random_0073,random_multivariate_mixture,4,0.004931100245786558,-0.02570138504375991,0.14370763126030367,True,0.005664281725538104,True,PASS,0.9262909438707866,0.6283343429749954,0.991967238697498,0.005538282427932239,PASS,0.22147429098875115,0.1247597442959677,0.9986232787639101,0.0055141793186826915,PASS,0.24711876660817592,0.13070866448796206,0.9959107603635798,0.0058464460289417665,PASS,0.005649476022832091,PASS,0.005851623845727805,1.0
random_0074,random_multivariate_mixture,4,0.002592348285881701,-0.08331667513612652,3.747030449904767,True,0.0041168140624538154,True,PASS,6.007871448054329,3.5711465156187843,-0.19371234586744027,0.0005204781794960657,PASS,0.5502691451440933,0.6672455807463389,0.7491560083557733,0.003987043895508445,PASS,0.07798687616064905,0.26077458456683716,0.9822770906199743,0.00408788733663806,PASS,0.004152871138459859,PASS,0.004110329403614254,1.0
random_0075,random_multivariate_mixture,3,0.0008235333823466994,-0.08167847139576359,0.658488449964627,True,0.0012590784158077177,True,PASS,0.8215618725221144,4.010414685855685,-0.5356192393163215,0.0012473591449761593,PASS,0.8860657183250376,3.2734834474141477,-0.5426449402784203,0.0012812856657403583,PASS,0.45384790533826047,1.1658017189325869,0.9411332799864299,-0.001781625527615347,PASS,0.001280810488231484,PASS,1.0000037549384643e-12,0.42793151764742154
random_0076,random_multivariate_mixture,4,0.0028685217040193304,-0.04908478171702869,0.33016974246406344,True,0.004609585858709405,True,PASS,0.7249563183885211,0.770744701687095,0.8604131353296474,0.004400981914481368,PASS,0.25259067914075206,0.3873917464404568,0.9293376670164019,0.00439259927026225,PASS,0.23826789930065065,0.12853239188159152,0.9936422206548918,0.004848316826507292,PASS,0.004551319572162356,PASS,0.004846199460215334,1.0
random_0077,random_multivariate_mixture,3,0.0001131016503450847,-0.10582263881036781,73.5510518741866,True,0.001543082312382502,True,PASS,0.5795474272830072,924.0781510497102,-0.391322731437929,-0.0950776662866521,PASS,0.2865391346093118,116.21961112958735,0.41303358362635817,-4.001242261259728,PASS,0.04386239969621652,4.251365827457212,0.44711745829770033,-0.040783447470596305,PASS,0.0012135649188901839,PASS,1.000001827231258e-12,0.10424787988504454
random_0078,random_multivariate_mixture,2,0.001926385786494317,-0.08455727222639436,1.5506763962282886,True,0.0029614470217691883,True,PASS,0.6591982986009784,19.988667603424513,-0.2545236909383028,0.0034342655473781148,PASS,0.5738934780689301,3.3151414654443703,-0.10943110583938373,0.0025847105684018226,PASS,0.12870015885833316,0.48022721083985515,0.8993184022714175,0.002446000495485403,PASS,0.002834465713571573,PASS,0.0024473519632757586,1.0
random_0079,random_multivariate_mixture,4,0.0021049862498885535,-0.0776802666279034,2.5742761360121347,True,0.0025007179523372836,True,PASS,0.5660431649848436,34.66467173838219,-0.09981101511030631,0.0025100978307151752,PASS,0.2548285936868206,3.604887259618702,-0.050820350724768565,0.0023369015656094045,PASS,0.0478620613337715,1.276549165930939,0.4385973524496583,0.0018397015656369542,PASS,0.0025071730078483068,PASS,0.0018534063477966861,1.0
random_0080,random_multivariate_mixture,4,0.0026462644490679735,-0.01939095268671012,1.435036499945062,True,0.008368920651979788,True,PASS,1.5234864132022226,3.421876386010133,0.30447093827806565,0.0007561833795462912,PASS,1.0891627946373155,2.3664620386841544,0.3318692589763216,0.00023807999322973387,PASS,0.21310738068628196,0.5781697179158776,0.822832824818894,0.008477705272895493,PASS,0.00834799177810799,PASS,0.008465094739390194,1.0
random_0081,random_multivariate_mixture,4,0.0016537531852249465,-0.0980161452353014,0.20449456958201714,True,0.0022582068463385657,True,PASS,4.7153961037119405,4.235310254414975,0.08178216409993751,0.0022957927015206663,PASS,0.5768628783582667,0.30888443130904575,0.9641461168527584,0.0022535650592877023,PASS,0.47189611060954456,0.2616102721228099,0.9668822478749916,0.0019457889230096968,PASS,0.0022926790057037384,PASS,0.0019820287588034457,1.0
random_0082,random_multivariate_mixture,3,0.03700495042999004,-0.015622011428714408,0.11322820366547076,True,0.041222101147005086,True,PASS,0.47021207054519226,0.15288632949567296,0.992297073441385,0.040859112401435804,PASS,0.503030171292851,0.1235677703286162,0.9923365855119846,0.04103103214132379,PASS,0.17826722494733896,0.07544819934164318,0.9971950623386706,0.041238728634549957,PASS,0.041120826306586596,PASS,0.041221999575798016,1.0
random_0083,random_multivariate_mixture,4,6.7018565458410245e-06,-0.05858614760535293,20.68019917503814,True,-0.0012682358464127885,True,PASS,0.9573741075985267,44.876623173904434,0.26101054499214094,-0.5077593659850509,FAILED,,,,,PASS,0.04515911192864292,0.3775990866409967,0.9270886069599631,-0.06051961028617313,FAILED,,PASS,1.0000749425553929e-12,0.010179470537033717
random_0084,random_multivariate_mixture,3,1.6367941241137393e-05,-0.11290402736149269,0.5091419026973585,True,4.2214860072522655e-05,True,PASS,0.6875411359255471,2.503033389154861,-0.9615897547124264,4.3454083554832176e-05,PASS,0.34346611916974956,1.271220114396131,0.9984841644657028,4.4408313019914024e-05,PASS,0.22329275478988847,1.4550224984156974,0.9979295988692358,-0.0007493442995528633,PASS,5.274159550397167e-05,PASS,1.000000291130485e-12,0.17986423353187048
random_0085,random_multivariate_mixture,4,3.6689921092595175e-05,-0.08595952581991312,2.7542706876283924,True,0.0010662804407559014,True,PASS,0.40980221965541436,4.334661782011474,-0.04565192050375152,-0.007676716842530698,PASS,0.6187286123696781,4.2354370811614075,-0.19543158079161327,-0.011001408108828596,PASS,0.26794803022460256,2.0820934851013497,0.7106732263160142,-0.0007173628535239509,PASS,0.0011113680597467442,PASS,9.99891458053104e-13,0.8260462374781463
random_0086,random_multivariate_mixture,3,0.07418609784962546,-0.025867949553247945,0.05156987153423577,True,0.07565400111655124,True,PASS,0.09449438857531015,0.07075663527148003,0.9993377553051697,0.07566798899462975,PASS,0.10383189768363196,0.045855996824994256,0.9996983912236675,0.0756499378161206,PASS,0.05738210744850653,0.02025706028236526,0.9999640055780904,0.07563573703917585,PASS,0.07565690271346814,PASS,0.0756427025540294,1.0
random_0087,random_multivariate_mixture,3,0.0006601746206986079,-0.07459672634062649,2.4934647112101445,True,0.0015857064309164463,True,PASS,0.9111431516416976,38.209809411769335,0.08848421009413414,0.004578532559504789,PASS,0.6919029524234288,4.665781925249747,0.708396071903267,0.0008515181279038044,PASS,0.14024221370073672,0.3802964178515267,0.9249166033615681,0.0010876307112236642,PASS,0.0008471616706978886,PASS,0.0010854487617602,1.0
random_0088,random_multivariate_mixture,4,0.0006542819020717482,-0.04904502919224542,0.07802817889545316,True,0.001958728166940701,True,PASS,0.4411198049842212,0.33434830707329677,0.9932048624545391,0.0018893889783961918,PASS,0.11251328177063429,0.07796503211014465,0.9969633723291375,0.0017040866089571968,PASS,0.10714342249929368,0.0483208046869802,0.999021271485843,0.0006561852748670921,PASS,0.0018704111762130797,PASS,0.0006636600737972868,1.0
random_0089,random_multivariate_mixture,2,0.0022955131086422713,-0.10594103679618919,3.5398744327043064,True,0.0042112145049379894,True,PASS,3.9316381037720265,3.89696087802338,-0.5299374575042728,0.004226740118452689,PASS,0.3781504012481839,1.6625342075170249,0.6169716260456775,0.004198978702215067,PASS,0.14674151979843497,0.30607615848990893,0.9520553933196582,0.00429410089754854,PASS,0.004251973677717067,PASS,0.004324901215305065,1.0
random_0090,random_multivariate_mixture,2,0.005616004108004028,-0.026663599935061715,0.06852436159405004,True,0.006352385392586111,True,PASS,0.35215645390582684,0.17685761046656762,0.9988104159002773,0.006335344508889501,PASS,0.08301479908967578,0.03439035869991453,0.9994092480163056,0.0063396059376232845,PASS,0.07589480978429095,0.0424687464883551,0.9995802501342352,0.0063521080323458,PASS,0.006373480456861659,PASS,0.0063720628144633105,1.0
random_0091,random_multivariate_mixture,4,0.00016514387015921148,-0.05238612226697762,2.0377450912636546,True,0.0017715740479086529,True,PASS,1.501543642463464,5.203653871057886,-0.5992524568501206,-0.0007684374782876481,PASS,0.33709944987761814,3.2365282198824556,-0.02657943808362048,-0.0011412152641108958,PASS,0.09317530232767093,0.8492098827018754,0.5485372722830157,0.0015229046372563107,PASS,0.0017018773769956416,PASS,0.0015283796706915113,1.0
random_0092,random_multivariate_mixture,3,0.005779058090597966,-0.00862957184214908,0.9275679351729273,True,0.0061761927305960754,True,PASS,0.9926465833332863,2.3894553374123984,-0.9651294613415594,0.007125673906907377,PASS,0.09300947278348125,1.5595734413227669,0.8283166301192574,0.005891982980698915,PASS,0.08351007022410954,0.5753675267933486,0.8616459319816255,0.0064490493570710595,PASS,0.006430859340270321,PASS,0.0064477660110609375,1.0
random_0093,random_multivariate_mixture,2,0.0007431754610014259,-0.05214486003353941,0.9426724766754603,True,0.0026436792149651623,True,PASS,0.8593075500981089,2.8551810248570533,-0.13424437181606172,0.0022373150261168384,PASS,0.571943271162649,1.1812344398004615,0.5502164534234203,0.00218023895610996,PASS,0.12042058943586958,0.24093057409422286,0.9731370124972628,0.0024568282697364657,PASS,0.0025514275757141987,PASS,0.0024621063661530527,1.0
random_0094,random_multivariate_mixture,4,0.001218595329242275,-0.07636577495473067,1.3580941805136804,True,0.0025007533156916136,True,PASS,6.332117467022583,6.977580008710793,0.12441517317944166,-0.0004813575850883453,PASS,0.26804611870572603,1.0922163730291405,0.6101506114485811,0.002505213665014774,PASS,0.05508983273528147,0.33280671568011116,0.9438393388541071,0.0023833315490093283,PASS,0.002546223811679224,PASS,0.0024105696249187816,1.0
random_0095,random_multivariate_mixture,2,9.937966754944034e-05,-0.11790648558507523,0.33937507393877314,True,0.0006286578582090149,True,PASS,2.5939183220533337,3.7259025896608313,0.7312112312446286,0.0006346614339253386,PASS,0.13822263750867136,0.07931035733691276,0.9969583513771774,0.0006243105366680648,PASS,0.1497165680628636,0.22368128730339434,0.9788063422879182,0.00023925113803677695,PASS,0.0006482141369660171,PASS,0.00026039041779679715,1.0
random_0096,random_multivariate_mixture,2,0.0003757598799345756,-0.06905841908345463,0.3738073153568972,True,0.0023691702434872073,True,PASS,0.27755513463549447,0.38102193844917576,0.924577477391492,0.0019343254178619072,PASS,0.25276882617887597,0.24511040503410803,0.9914817428459884,0.0012239528779708234,PASS,0.0731934036320839,0.13420693097049322,0.9914879416821001,0.0035846662615131204,PASS,0.0020233342219532747,PASS,0.0035800102999196007,1.0
random_0097,random_multivariate_mixture,4,0.03994517078178443,-0.010726890358089955,0.14369251800176802,True,0.041301216587627955,True,PASS,0.9312387817429548,0.3340897975993274,0.9804747551334085,0.04056911320110822,PASS,0.5300635268030944,0.19553374120249334,0.9817620405888954,0.04067523817073145,PASS,0.3626574090668996,0.15913745777760058,0.9872566509171529,0.042142801634324316,PASS,0.04126338028768577,PASS,0.04213828772828229,1.0
random_0098,random_multivariate_mixture,3,0.0034433239380166404,-0.03377936167529273,0.6006409228752251,True,0.0040821683364358164,True,PASS,1.0540637644926143,1.3611177138585988,0.7208254713001992,0.004045744589670443,PASS,1.0933054461801361,1.6828124682121528,-0.049785129474185855,0.004069244905635244,PASS,0.1527548826389734,0.859896856592272,0.622651316826073,0.004097064194898231,PASS,0.004107623273187279,PASS,0.004129367789164628,1.0
random_0099,random_multivariate_mixture,3,0.0005643054474406623,-0.06385716909992319,1.8851404436125279,True,0.002493047314013415,True,PASS,0.5523309479728503,6.908231745135972,-0.7284406667502071,-0.0006111399088909439,PASS,0.5492731205726291,0.5152793890204594,0.9049930297611493,0.00031842193602188765,PASS,0.20429318152297174,0.8055995075059136,0.627735806562532,0.002291811217194244,PASS,0.0024693936049556553,PASS,0.0022898916925212193,1.0
random_0100,random_multivariate_mixture,4,0.011329901486032638,-0.03523021214638987,0.3617216042943074,True,0.012799447331120423,True,PASS,0.9618575297274344,0.8473958887309665,0.5699462812096563,0.01262381455045256,PASS,0.6535539329453932,0.3907594564573834,0.9255831836129316,0.012257663135320415,PASS,0.26370837090657145,0.18412111826215133,0.9832364360566593,0.012685636868241854,PASS,0.012724464310835279,PASS,0.012687854661456633,1.0
random_0101,random_multivariate_mixture,4,0.00014752046820387907,-0.073296205863675,2.5268884521389863,True,0.0013973898370279647,True,PASS,0.5998307219229643,5.502400798185285,-0.5299413297368302,-0.01760433944302714,PASS,0.38225834965188754,0.8840195219885507,0.472899981070698,-0.0060000921934170535,PASS,0.49716809812915613,3.8236473645008395,-0.3933523652931549,-0.003911458319472917,PASS,0.001023477391539852,PASS,1.000452735717874e-12,0.37539844342815276
random_0102,random_multivariate_mixture,4,0.003499441831266537,-0.07341013398997355,0.7611401579788335,True,0.006511113621987308,True,PASS,3.0944945066683776,7.286678317423954,0.44407254701308313,0.006169329848835154,PASS,0.24949457867766345,0.9865777273601661,0.8342425716328514,0.006317555333851638,PASS,0.09589162811667101,0.2748476585237529,0.98026254308357,0.006824287570168215,PASS,0.006435662554532995,PASS,0.0068227015214349955,1.0
random_0103,random_multivariate_mixture,4,0.0008490264033620752,-0.02844583646141657,0.5907588133200462,True,0.0013875175877888872,True,PASS,0.9918737621836597,6.972373362259844,-0.845042492967078,0.001590492994177631,PASS,0.8126221263929738,1.6726246777546574,-0.265747592677713,0.001499013328305569,PASS,0.21327607300133314,0.2459955659480466,0.9702080376125606,0.0014977606702551466,PASS,0.0013172937679697834,PASS,0.0014963671413007898,1.0
random_0104,random_multivariate_mixture,2,0.020485037702776668,-0.03078423859311986,0.3596551149318481,True,0.022941511475291842,True,PASS,0.5222398880035746,1.0618801331818721,0.8846652350516669,0.022649480828329994,PASS,0.4062615523549618,0.997788135899078,0.8737548443025015,0.02262444661441922,PASS,0.12423388295563145,0.0710516522546281,0.9989398835326198,0.022985876527971957,PASS,0.022891351214631872,PASS,0.022979211836906932,1.0
random_0105,random_multivariate_mixture,3,0.0027394980277204665,-0.025085492115176085,0.16569055737885305,True,0.006879786332607001,True,PASS,0.7392445582050005,0.2642626158208036,0.9646272859912224,0.00671158521369377,PASS,0.7829306362461296,0.5087134752848735,0.8663690256663557,0.006820520905317664,PASS,0.14244167401379537,0.11666865145465467,0.993172254568029,0.007232259914212372,PASS,0.006798328576416304,PASS,0.007218742043359654,1.0
random_0106,random_multivariate_mixture,3,0.002724816830709287,-0.038091565422667256,0.162133789202473,True,0.0032674894360627234,True,PASS,0.604344907408674,0.2339095033107856,0.9951289901658661,0.00323269819873015,PASS,0.1229148672855502,0.18800726694886596,0.9844547924879984,0.0032479473682464266,PASS,0.10977708639504483,0.06586403795463965,0.9980723544050132,0.003066613578611538,PASS,0.0032712974027948026,PASS,0.0030847891816680665,1.0
random_0107,random_multivariate_mixture,3,0.05129566255336071,-0.0183693939344096,0.20876464634522404,True,0.0530279048576252,True,PASS,0.940513387407862,0.6520553522735925,0.8851011924313955,0.05240335980794604,PASS,0.8148388477748225,0.5418412271923607,0.9239983379926315,0.052389340932561375,PASS,0.5358231251363408,0.33402006156622915,0.9937956415925966,0.052871498801430744,PASS,0.052910387249212334,PASS,0.05286695060458659,1.0
random_0108,random_multivariate_mixture,2,0.0008068632437173896,-0.11166115083976826,0.006996860276009573,True,0.0011209001313061797,True,PASS,0.03806862490112929,0.04159777216883161,0.9998281138736494,0.0011177065125690762,PASS,0.019564404148708837,0.021122354622927667,0.999777522594404,0.0011060569816851082,PASS,0.045940538054240705,0.0696009387121118,0.997974273769588,-7.821391200415028e-05,PASS,0.0011318406687102827,PASS,1.0000174462359321e-12,0.9632763038305397
random_0109,random_multivariate_mixture,2,1.5338441605452109e-06,-0.12783009802154266,3651.915254178394,True,-0.0058069027510769065,True,PASS,9.752144624143599,926.9984082490754,-0.32872955647832913,-3.0077925818891527,PASS,0.0019608759239538756,12.839295698424307,0.19853130715123068,-0.5940567422348827,PASS,0.0010479185051031168,1.6856480944821894,0.5231770332112102,-0.06632841782650686,PASS,4.2690728534458455e-05,PASS,1.0000802640656706e-12,0.0008047336178770344
random_0110,random_multivariate_mixture,3,0.02544874148485424,-0.028554267716831554,0.8288394776574285,True,0.030181511213128478,True,PASS,0.6007292041232973,5.317342206558416,-0.07265985034561537,0.03060053990138028,PASS,0.5355140098339846,2.9543269583359293,0.29547164811291937,0.03234295447876389,PASS,0.11465599130225297,0.6515077863163699,0.8058540904749538,0.029565188026987457,PASS,0.030425959326092034,PASS,0.029542846268777775,1.0
random_0111,random_multivariate_mixture,3,0.00011678422080668875,-0.10377597039603524,26.05012333510487,True,0.0012581041563069948,True,PASS,0.6686057126608493,60.581294571440175,-0.8487039042531281,-0.9650004159060334,PASS,0.09281635203447723,6.159416489598696,0.48707563774856216,-0.032060787624372616,PASS,0.025751144800109666,1.0322027075136262,0.85709242578066,-0.0036573778969004396,PASS,0.0013400342447017855,PASS,1.0000139708456544e-12,0.3836095663061327
random_0112,random_multivariate_mixture,2,0.00010283523249148766,-0.04471044599106922,0.3101008175322364,True,0.003297193944140129,True,PASS,1.0715950080012528,1.2697851770119306,0.4651542154204581,0.0017068222969739886,PASS,0.8319681453203029,0.5060689950653672,0.8670060566547326,0.0024149901869924143,PASS,0.22548269261755177,0.29363844664456584,0.9559213502960433,0.0034267513424320432,PASS,0.0032098602186841803,PASS,0.0034196139000188994,1.0
random_0113,random_multivariate_mixture,4,0.01876692443261053,-0.033446347488991536,0.16642225280611245,True,0.02242857402022046,True,PASS,1.190400238270233,1.2568863945558353,0.7157260809074761,0.021936087997657124,PASS,0.3327256864161984,0.3649283092956047,0.939994671078505,0.0219681358707233,PASS,0.16075195496122927,0.15196319367907524,0.9904426599954089,0.022292941848316924,PASS,0.02230885971204924,PASS,0.022286357989726367,1.0
random_0114,random_multivariate_mixture,3,0.0015927755383912437,-0.10280274451744331,0.03457646969911073,True,0.0020003399539018215,True,PASS,0.24051239233874083,0.3121579999505269,0.9974208593921984,0.0019895125822083047,PASS,0.056226223522294685,0.07406770909058155,0.9995752705284406,0.0019913380304776426,PASS,0.1332753176342322,0.17529518094293078,0.9900167313929533,0.0011393797671760395,PASS,0.0020168388165373806,PASS,0.001154729315949611,1.0
random_0115,random_multivariate_mixture,2,0.00014854647319084756,-0.1232351684598776,7.020415855887342,True,0.0003707586198084788,True,PASS,9.803026507121283,4.399422341410433,-0.36945459587115015,-0.00520423985582281,PASS,0.042629286303767375,0.5484323396485644,0.8452997075958132,0.0003537644242037039,PASS,0.031064309076916142,0.17199690482988494,0.9889830242272205,0.000391237904799072,PASS,0.0004110053714445735,PASS,0.00043093815313322356,1.0
random_0116,random_multivariate_mixture,3,0.0009443667828848659,-0.06280904688095937,2.3317997199756824,True,0.001058659975467729,True,PASS,0.9881007426028026,265.625111743926,-0.9800215659147873,-0.04535756883377148,PASS,0.2867516148187898,17.463075761650135,-0.368934511005674,-0.0430375928897402,PASS,0.09314502497276624,1.1739678437081256,-0.19064218621410836,-0.0010224778400435633,PASS,0.0011062286879338812,PASS,1.0001664480390813e-12,0.5895926646800358
random_0117,random_multivariate_mixture,2,6.569649643880058e-05,-0.125966052327043,3.823178009470771,True,0.00012119521007553963,True,PASS,7.082976846293541,6.853964432394678,0.24669469685727333,0.0001242454000964701,PASS,0.011004802028173416,0.20890654679768897,0.9779356588365472,0.00012032272294073742,PASS,0.02224125895235001,0.1313907605172852,0.9913775052578905,0.0001271424984056187,PASS,0.00014834759660290286,PASS,0.00015235408293086711,1.0
random_0118,random_multivariate_mixture,3,0.0002114614840025605,-0.08217217908175214,1.0422708298004473,True,0.0004940533444437533,True,PASS,6.043241256021654,6.959072077811263,-0.07837063190132457,-0.0036739339676685034,PASS,0.5475977541455995,2.3664330300557705,0.587099490899956,-0.0019079715743979021,PASS,0.09632405840406358,0.2885803714163094,0.9691931345093754,0.0004760766659227978,PASS,0.0005352004111037636,PASS,0.0005167608012389859,1.0
random_0119,random_multivariate_mixture,3,0.0031889200235043244,-0.057887750983241566,0.3884470595464568,True,0.005436722197880659,True,PASS,1.6838349589181496,1.7191327561042729,0.8574328980424628,0.005417827558421453,PASS,0.5183680205553612,0.5284195955797354,0.853779699756521,0.004385801995634792,PASS,0.23144617981552948,0.2960784932677733,0.9633125656403649,0.004954262200207158,PASS,0.005255525614788954,PASS,0.004962048272241124,1.0
random_0120,random_multivariate_mixture,3,0.004760550286351055,-0.08153574229130055,0.9910528575010656,True,0.005499063894358709,True,PASS,0.7673379893108004,13.644588555105868,-0.9136728831849235,0.00549117810472049,PASS,0.23975848344175474,1.0474433717200917,0.8975531479899815,0.005303747361357568,PASS,0.054441829570552595,0.10598508966581284,0.9974193254239397,0.005154742450700527,PASS,0.005481399328387766,PASS,0.005158825429280608,1.0
random_0121,random_multivariate_mixture,2,2.8103694443129836e-08,-0.127253904513107,106.81976064369059,True,-8.09267726902231e-05,True,PASS,2.8978533765164114,366.21074837141606,-0.3832958356090208,-0.6717296614743231,PASS,0.005108774993398272,1.4692706002538647,0.5947707722233668,-0.028663793518865145,PASS,0.004689450485246885,2.16555233294762,0.17178691715974442,-0.013492184841045033,PASS,2.4735348401944653e-05,PASS,1.0000899285960425e-12,0.011854219138055557
random_0122,random_multivariate_mixture,4,0.00591445451425028,-0.030734664383725154,0.08090015679324745,True,0.007685558526019637,True,PASS,0.33385136023654216,0.1965412472095309,0.9961664575162632,0.007587889015796751,PASS,0.19126923582403133,0.09671876847222537,0.9956948431039488,0.007634861063066408,PASS,0.09217427444577261,0.06347376279841059,0.9984804656721215,0.007410889988054738,PASS,0.007697050970498829,PASS,0.007416385663378421,1.0
random_0123,random_multivariate_mixture,4,0.0009340719252400404,-0.0609396078884292,3.5363540806757507,True,0.003078173738857132,True,PASS,0.7559500094270118,4.695373429707714,0.7156466541542187,-0.014271197920660825,PASS,0.7237835221365666,1.6477676910353067,0.6133032776595646,-0.0580687564160833,PASS,0.24170732745339232,0.2696544546967328,0.9654110770656487,-0.006631936673546835,PASS,-0.0009161712461451516,PASS,1.0001244957154934e-12,0.4473233836431064
random_0124,random_multivariate_mixture,2,0.00018244296225332184,-0.10696010741220749,0.24792421914521842,True,0.0009411303975379881,True,PASS,3.3510375205472003,4.8594825408172895,0.5950846655200742,0.000903886178513234,PASS,0.18564484603513606,0.1466454739162128,0.9893411843286657,0.0009265350594178342,PASS,0.12612158131803283,0.12227505081179603,0.994205383012986,-0.00015941759017686316,PASS,0.00096768389973942,PASS,1.0000021264088604e-12,0.8813111740796276
random_0125,random_multivariate_mixture,2,0.0019567226478584983,-0.09480697195869409,0.20266550583127108,True,0.0037995446528877007,True,PASS,0.589661383821139,1.1460936982242482,0.18129795183853975,0.0035389207902147128,PASS,0.49534229493786563,0.5689983980590063,0.8223554931698872,0.0033963439023341566,PASS,0.1232883771629498,0.234096609815856,0.9798975493954374,0.0031603546475111447,PASS,0.003763276624988675,PASS,0.003155351139387669,1.0
random_0126,random_multivariate_mixture,4,0.10134037919416243,-0.0046285921518156945,0.05256136925977901,True,0.10433321202639782,True,PASS,0.6491039098910293,0.0932730191572857,0.9956432862659403,0.10426674553470552,PASS,0.46586232270162353,0.14059042684408188,0.9939866564699896,0.10425665308732421,PASS,0.15251680250677288,0.02758792463274071,0.9996401343104355,0.10437202346700564,PASS,0.10443409432646669,PASS,0.10436019895604359,1.0
random_0127,random_multivariate_mixture,4,0.00020928138668838782,-0.0350699706055227,1.026830868317571,True,0.0007020983132721491,True,PASS,0.7773180641313668,0.6104942970231754,0.8056453275118812,0.0006728504547301789,PASS,0.6358979465019133,2.212550295882583,0.7488255343871254,-0.0010965443842340385,PASS,0.23045872463573416,0.5579611803175651,0.8316326705236666,0.0006196880066813305,PASS,0.0007277244472506597,PASS,0.0006400577366593382,1.0
random_0128,random_multivariate_mixture,2,0.00011335361979825703,-0.12015169345155353,9.883056416400184,True,0.0001888285279047234,True,PASS,0.840911069690767,41.46127814697252,-0.6075607875465701,-0.08158441447047758,PASS,0.11521424134529977,3.1237690375591654,0.7652324355830623,-0.007116290539455365,PASS,0.030065554718829057,0.5210223125508103,0.8684940014844434,0.0002363270286534048,PASS,0.00020913920892456504,PASS,0.000259965816974357,1.0
random_0129,random_multivariate_mixture,3,1.2422440064414114e-06,-0.11025179879086498,9.715564233585566,True,3.2712767533884127e-06,True,PASS,0.40637163211691046,122.49813932684907,-0.7753306254854195,-0.20964167700134373,PASS,0.09930405735125888,2.581776660717522,-0.4655369148292601,-0.005001234240158841,PASS,0.05132909485824473,1.0317487946360637,0.40073151402764845,-0.009350453518067622,PASS,2.0663446604503737e-05,PASS,1.0000276449426022e-12,0.05220136679640041
random_0130,random_multivariate_mixture,3,0.0006713524832133405,-0.061477639750209444,0.09213987819495739,True,0.0017234474998494777,True,PASS,0.2693892564147394,0.22173161163251143,0.9752356332352706,0.0016387056924474243,PASS,0.11387509353341359,0.09817803708007872,0.9958197448725874,0.0016286496470476102,PASS,0.07633796847523734,0.047408299720865625,0.9991472386392923,0.0016432315699605833,PASS,0.0017051828366575375,PASS,0.0016634828753485736,1.0
random_0131,random_multivariate_mixture,3,1.4885423426361096e-05,-0.11907011158730309,64.25741506629379,True,1.849507175852176e-05,True,PASS,1.398984543965301,854.0711300274743,0.519106574241505,-0.0073014232428284635,PASS,0.04842368641462971,11.273160409873421,0.609052714709564,-0.02509406677305234,PASS,0.010028400408768588,4.322678094396487,0.2643832639397322,-0.00787582128333166,PASS,4.909034212035086e-05,PASS,1.000015984615818e-12,0.27760244801675416
random_0132,random_multivariate_mixture,2,2.8185924880202493e-05,-0.12239513410416772,134.70308722202026,True,-0.023173914585897983,True,PASS,0.779062294378957,532.9856082745282,-0.16265953824239118,-0.8990056492994325,PASS,0.022769252457604815,5.411285790782279,0.7958232572632599,-0.2392166308504393,PASS,0.012816644093678522,3.3715654962651955,0.5170386018692804,-0.1087638154901041,PASS,0.0001282320596158787,PASS,1.0000290309042375e-12,0.025955108910017056
random_0133,random_multivariate_mixture,4,0.00552525645308222,-0.01968003578679474,0.6605652301543605,True,0.00859637539810761,True,PASS,0.6308743913421091,2.8651196570992497,0.8308812421671016,0.0039225375007565155,PASS,0.5023238427345025,1.90860619278499,0.8666624137908,0.004682687782999099,PASS,0.17957440337563882,0.43765714669519196,0.9091393256621262,0.009706897476007633,PASS,0.008328260841688327,PASS,0.009698238945300657,1.0
random_0134,random_multivariate_mixture,4,0.0448455909541048,-0.015084211918752042,0.4530049781605195,True,0.047163397633335415,True,PASS,0.7684380146152415,3.293422061121644,0.7899462304076239,0.04572190982599697,PASS,0.6152962917728826,1.8162203518844784,0.8777892134353852,0.0454580722214154,PASS,0.1840408287113182,0.3637176914715304,0.9408015837446099,0.047501051574530544,PASS,0.04686394307724977,PASS,0.0474931036708865,1.0
random_0135,random_multivariate_mixture,2,0.0046506639893348755,-0.029422056770572566,0.39679247401709317,True,0.005078784927292242,True,PASS,0.9104624715803652,0.7228091429194472,0.745646340417023,0.005079873756420649,PASS,0.320427236416391,0.30267027039828076,0.9566526381797906,0.0050937307866394405,PASS,0.2932609978398118,0.586990572227917,0.9164835462923814,0.005033806820325176,PASS,0.005104235343900964,PASS,0.005050444182505316,1.0
random_0136,random_multivariate_mixture,3,0.00033847158079912274,-0.1070437065090302,0.4204930233547148,True,0.0005709396758602369,True,PASS,1.7602768361223857,4.994252545125985,0.7416352151415343,0.0005918399211449706,PASS,0.44762771898823384,1.2076343586609908,0.7400345030186292,0.0005739231607041212,PASS,0.25503838628337877,0.772819509297822,0.8893619430078207,-0.0016743215233979399,PASS,0.0006018332705849922,PASS,1.0002024174400693e-12,0.2739061605754591
random_0137,random_multivariate_mixture,2,9.797147531103527e-07,-0.1209864247503987,5.202423145192914,True,1.7850415193275462e-06,True,PASS,0.35480410307083377,45.22197170543497,0.1954780855470953,-0.09921411254220464,PASS,0.16896989776416452,10.55403748364355,0.36692146317711666,-0.016274201696388404,PASS,0.07681249026423936,0.7409624763032587,0.7840706322224265,-0.002969319443409957,PASS,1.777618211476301e-05,PASS,1.0000187470746763e-12,0.05438956184559489
random_0138,random_multivariate_mixture,3,7.779906622045688e-05,-0.034453326440348396,1.9946659391911008,True,0.00042096864391863784,True,PASS,0.9945453207422597,176.43653111862437,-0.9672424275370347,-0.015577967852211943,PASS,0.1547823456386137,2.7359118109911176,0.8419577937082741,-0.0011012660482973909,PASS,0.0999164624439344,1.1439274771722803,-0.4286004799897025,-0.001817311380994024,PASS,-0.0020019001681439936,PASS,1.0000409167484798e-12,0.3142848002734446
random_0139,random_multivariate_mixture,3,0.00011787137556003555,-0.1210516381336605,2.057525571291693,True,0.0002415375317705486,True,PASS,1.488993391900512,5.510529863317246,0.5675965467519345,0.00022454810588660467,PASS,0.10939565420811909,2.507410311482959,0.5581990642404022,-0.0032151186133582556,PASS,0.0929999892364732,0.9751093238261711,0.5503401113944684,3.946169034372523e-05,PASS,0.00025701049307881216,PASS,5.23636201336208e-05,1.0
random_0140,random_multivariate_mixture,3,0.00038937640268786285,-0.07086002278730057,2.0839262842066173,True,0.0007995740969568399,True,PASS,0.6182618392724416,5.008433386213248,-0.7300503337906276,0.000780629682978226,PASS,0.5469987513680533,3.2972486686226077,0.2550376380726142,0.0008088854660283926,PASS,0.09568046335103822,0.6970382105967324,0.7175217670877934,0.000792280534999352,PASS,0.000821254195427519,PASS,0.0008124087602846143,1.0
random_0141,random_multivariate_mixture,3,2.0852677416476686e-05,-0.10015363081046968,246.99330563297545,True,4.7466128207969485e-05,True,PASS,0.5417442181238159,2084.1870842195817,-0.7069602889207436,-0.8354401293022944,PASS,0.15674280516391964,164.72782286104467,0.3027518946010735,-2.855610609952607,PASS,0.05894691186523962,40.30401902699374,-0.2401566593920832,-0.548273830457115,PASS,-0.0008373039392306713,PASS,1.0000238972661742e-12,0.002935075014218385
random_0142,random_multivariate_mixture,4,0.0018915470049138624,-0.0758339416111912,0.7258307355456055,True,0.003945849883950747,True,PASS,2.478283003231758,2.903569374411633,-0.09227441860735712,0.003727504949701659,PASS,0.4166696091836018,0.9631680591800194,0.6769611382661583,0.004423408404316548,PASS,0.25591837135937207,0.2801726831918766,0.9622627808669835,0.003854715724637784,PASS,0.0039716974704894275,PASS,0.003869377281177183,1.0
random_0143,random_multivariate_mixture,3,0.00032151870605716474,-0.08950641673268211,0.7151904564122251,True,0.0006293325614280328,True,PASS,0.358906307226216,0.3156118324781994,0.9549234326780797,0.0006194501980792616,PASS,0.23434720801855188,0.6236635214389922,0.9544394686912336,0.0006358151407167773,PASS,0.1967298479771266,0.7956179975367124,0.9199869244961204,-0.0006227334523891115,PASS,0.000643686468779438,PASS,1.0000078886061187e-12,0.5340769900671534
random_0144,random_multivariate_mixture,4,0.00023995357816963744,-0.10040601826962578,2.4623739076712203,True,0.0027550250420274626,True,PASS,11.03078750509176,7.822380500717978,-0.4950867868388971,-0.00890085897055397,PASS,0.2575065295943424,0.998824679471362,0.7711002425120909,0.002579028275025233,PASS,0.04631550124045999,0.20022035846098263,0.9814622068800709,0.0017115582537327693,PASS,0.00275445575930955,PASS,0.0017418162331318944,1.0
random_0145,random_multivariate_mixture,3,0.0010978256957603928,-0.04929831058137874,0.7482525917489704,True,0.00480611939438756,True,PASS,0.6122043668226895,4.5224404218123295,0.1810800151136312,0.0008894556215798012,PASS,0.6429422668991663,2.7925819746880958,0.5001125367814111,0.0047160359062861645,PASS,0.1949086269386646,0.6877772536106231,0.8449744276611179,0.004598649364231551,PASS,0.004792169652812919,PASS,0.004585970374645512,1.0
random_0146,random_multivariate_mixture,2,0.00074167238055189,-0.11374100992233174,5.689450972849623,True,0.003823565272264973,True,PASS,1.6182521698562236,12.761046972588654,0.567287357826823,-0.0007942879542635355,PASS,0.21714705372372645,2.1542225865333333,0.22672155278992046,0.0004560915682855513,PASS,0.07827236962802481,0.41321696456212903,0.911014642232113,-0.003399196665284062,PASS,0.0038062160423081807,PASS,1.0000343606616555e-12,0.5664616925151876
random_0147,random_multivariate_mixture,2,0.005873590089014858,-0.0272658490478712,0.32351502698526724,True,0.0063286226211899995,True,PASS,0.9732217755698908,1.769864006845359,-0.889155153016401,0.00639278894524133,PASS,0.379582722466044,0.5034250449764555,0.9822014435977945,0.006283876337650544,PASS,0.12710459314407824,0.7470943945950419,0.9960863395009268,0.007882849666778418,PASS,0.006372590354964437,PASS,0.007886517973570734,1.0
random_0148,random_multivariate_mixture,3,0.005455734249251244,-0.059329422566527054,0.2199682810879839,True,0.007062438003232877,True,PASS,0.5399167035016509,0.33520363083225213,0.9435338812135584,0.007029236749650758,PASS,0.593836946762039,0.3581238839760415,0.9486460976955435,0.006980661846719581,PASS,0.15277166615735666,0.11713758804592125,0.9931774056096874,0.005556654157708977,PASS,0.007039602384323074,PASS,0.005568614694121776,1.0
random_0149,random_multivariate_mixture,4,1.0578458843121651e-05,-0.04550271053259744,40.40948120457464,True,0.0005024892516423264,True,PASS,1.2117169877272271,32.111106791704756,-0.16203204763859635,-0.07013661349396286,PASS,0.7852495716427356,30.98335053038042,-0.28473140228842175,-0.12720587846916498,PASS,0.018215471880634878,2.253450442224738,0.1433956399076306,-0.0231390310760579,PASS,0.000500209893270315,PASS,1.0000360420246343e-12,0.1568714749466495
random_0150,random_multivariate_mixture,2,0.00027288688426307527,-0.058291873465015555,0.3031613850868231,True,0.0013059436077452681,True,PASS,0.7716347742172296,0.7742743814013673,0.8845552400767203,0.0011193791656604812,PASS,0.5187273678415109,0.3833047873730128,0.9663693422454596,0.0009311851564183076,PASS,0.16130618436276323,0.11067107019706146,0.9947774378426044,0.0006609821647281936,PASS,0.0012253092800411933,PASS,0.000667901051254949,1.0
random_0151,random_multivariate_mixture,2,7.64191861464489e-06,-0.12247972645234984,7.743374297972891,True,0.00022807659846478323,True,PASS,0.9871669269623446,3114.8997704083204,-0.9745289164007427,-335.5280693513289,PASS,0.09560938022992839,39.37442797938887,0.5312467657898821,-0.0538246614022085,PASS,0.01476714893969025,0.6429169642376262,0.8400388055923859,-0.003142723137514056,PASS,0.00045844819488444243,PASS,1.0000506655195377e-12,0.20223888547004099
random_0152,random_multivariate_mixture,2,0.0010494651434354543,-0.08049665752582254,1.1197202232559673,True,0.0012710350660812958,True,PASS,0.9660957474375339,56.8695395332818,-0.9627392687599501,-0.015562160412754317,PASS,0.21134118950374253,1.5113726650231984,0.06940755322165577,0.0011558865464295237,PASS,0.16513097999062012,0.47493553648627373,0.9714083081896462,0.0012466961936104734,PASS,0.0013189971587071233,PASS,0.0012476255381589,1.0
random_0153,random_multivariate_mixture,3,2.28813678547125e-06,-0.09514907763128344,3.711133527332895,True,1.0130366923331821e-05,True,PASS,0.50725021158868,8.668819003831384,0.7195825852401528,9.027358167365084e-06,PASS,0.2932911478115371,2.55834882226069,0.3047778689509302,1.006272931549897e-05,PASS,0.031034286599287805,0.29330353437879503,0.979324258022675,-0.00128451580330128,PASS,3.365296687560922e-05,PASS,1.0000025539936725e-12,0.14425461216723082
random_0154,random_multivariate_mixture,4,0.0012684588235704053,-0.06915644220421868,3.3621950388169974,True,0.0016910378622626663,True,PASS,1.6285473596707394,2.756893884470955,0.04424824402384575,0.0015754725222647948,PASS,0.455344270315403,4.7417030643084885,0.6159099343227207,-0.005186041060942597,PASS,0.15639328790970158,1.0698549168505758,0.7213328942668588,0.0006736985644673579,PASS,0.0017165975777454592,PASS,0.0006874496485828267,1.0
random_0155,random_multivariate_mixture,4,0.0004073510810117033,-0.05603935385049521,2.7756396641393692,True,0.003464351387908627,True,PASS,2.2458149555556495,3.121254271107133,-0.19635068845670875,-0.0010016515293074391,PASS,0.9677034298288623,7.687845658492977,0.632748126320461,0.0029493675625387903,PASS,0.12379219861319313,0.8615488496292402,0.6199563005815049,0.0037202378204600024,PASS,0.0033397899007078322,PASS,0.0037368898759707254,1.0
random_0156,random_multivariate_mixture,4,0.007224975105399159,-0.08916189811901926,0.827698101924528,True,0.008793531467289754,True,PASS,3.141564749662894,3.396351603937599,0.8863008201109974,0.008838431390687282,PASS,0.14548155676011681,0.4406615997874738,0.9326742394419023,0.008534430235819592,PASS,0.11394888482601699,0.5405747809825917,0.8868139444838217,0.0089986733073123,PASS,0.008817342402089926,PASS,0.009004580778963791,1.0
random_0157,random_multivariate_mixture,3,8.270116873983221e-06,-0.06403501783365106,11.19787546071119,True,0.0005376035764833333,True,PASS,0.7154530765137267,980.9794766616436,0.6520895611229847,-0.21514491207860942,PASS,0.8231330270628424,417.03265442471275,0.5906992460821132,-1.1322884722438868,PASS,0.2062588483496199,3.7805274896263534,-0.6916905151392436,-0.01779118594215017,PASS,0.0005510800854100974,PASS,1.0000169435169122e-12,0.16868194069401912
random_0158,random_multivariate_mixture,4,0.001168323777555548,-0.06599914023933345,0.943491791343204,True,0.005992161570520018,True,PASS,1.397787866809065,2.334351952329827,-0.429366903128416,0.0036797476789177464,PASS,0.39383991033507154,0.7409681936974055,0.7832444586967813,-2.144776373485012e-05,PASS,0.27556679841105786,0.6379149323046263,0.927666215560762,0.006752639464835059,PASS,0.0032095260290518715,PASS,0.006733386512534793,1.0
random_0159,random_multivariate_mixture,3,9.457345761675177e-06,-0.11584412652249222,7.27923216071575,True,2.8081953035264148e-05,True,PASS,0.8691609953723168,285.6558326704842,-0.9430736421285417,-0.5694264144852276,FAILED,,,,,PASS,0.021460018848197458,0.36651605582394364,0.9897685197862264,-0.000624359359810732,FAILED,,PASS,1.0000001897542676e-12,0.22804797302616747
random_0160,random_multivariate_mixture,2,0.000614513183985585,-0.11266962111035088,1.1981394959725227,True,0.0008726889282687306,True,PASS,6.401978398389904,7.114970540326342,0.015720265637483206,0.0008520660998464411,PASS,0.172707064891644,0.1606934150111897,0.9870094322695107,0.0008752538465710889,PASS,0.12886785897500702,0.15788430237053624,0.9910854624146899,0.0013306428391898534,PASS,0.0009095749003847526,PASS,0.0013581112497691582,1.0
random_0161,random_multivariate_mixture,4,0.00010188990052324901,-0.04202489848251209,2.4603015383912514,True,0.000150300685392924,True,PASS,0.938869773998833,48.31534090339149,-0.9559700796046017,-0.0004110370229200329,PASS,0.1417049142549027,3.4861536886568323,0.7455360150279154,0.00014043532125447274,PASS,0.052675245632852905,0.7460825114858591,0.6853178102718728,0.00020689389081387228,PASS,0.00016240495630864084,PASS,0.00021580973840611535,1.0
random_0162,random_multivariate_mixture,2,2.1866186887989354e-07,-0.12778535876567307,4.251065488208338,True,-8.734189783885174e-06,True,PASS,13.486472513957779,8.519885918916376,-0.2966025317881769,-0.032563450148880686,PASS,0.00797174442069582,0.050391635079302326,0.9988886093589512,-9.75540148363962e-06,PASS,0.007687682244945015,0.020259106293558045,0.9997947686981535,-9.548385052824731e-05,PASS,3.454709101358719e-05,PASS,1.0000071570305084e-12,0.37833409026003856
random_0163,random_multivariate_mixture,4,6.026989344338016e-05,-0.06677232000216207,4.7774129785962165,True,0.0002438935000348877,True,PASS,0.6711881058523078,1.8802667435029605,0.7176025867172423,8.056110184856897e-05,PASS,0.3451675522943095,3.697591851983946,0.1446952101175416,-0.011011277301080294,PASS,0.13854964817971005,0.6413215587108223,0.7787012923378677,-0.003188592890189365,PASS,0.00026852822738521333,PASS,1.0001289671198307e-12,0.3500202520667729
random_0164,random_multivariate_mixture,4,0.0001068636491015019,-0.08868870867366362,4.872815802371712,True,0.0007423214761911248,True,PASS,2.030971176454715,2.582434486883087,-0.6063449243878083,0.0002914854291858717,PASS,0.09299035741250741,1.9972123659264223,0.3377417931013019,-0.0030372417793210205,PASS,0.07285569940265701,0.6500670521722268,0.7994697882265231,-0.0005952241345259512,PASS,0.0007823082505252229,PASS,1.0000013217831846e-12,0.6488847329541692
random_0165,random_multivariate_mixture,3,0.0001648366326471065,-0.07002324512273841,2.3583616620045555,True,0.0018410766420117728,True,PASS,2.2665949221810235,2.6906567702632582,-0.17082113460947126,-0.005342130234894935,PASS,0.600238963434482,10.647064903858677,0.35265387124931347,-0.009260905707630001,PASS,0.07178748578131244,0.27997902189436785,0.9604652166534384,-0.0015522746941007148,PASS,0.0018645926889534455,PASS,1.0000368964890524e-12,0.5623409241057774
random_0166,random_multivariate_mixture,2,0.0423732082957923,-0.04435991028950669,0.026442513058749208,True,0.043618206219091266,True,PASS,0.12241113681185674,0.07633770819175008,0.9994663256845566,0.043608822878315745,PASS,0.12000976931909654,0.0740849550425821,0.998938013620245,0.04363444210332796,PASS,0.05750910187516769,0.03836667593762474,0.9994767616707416,0.042883878870393556,PASS,0.04363729299530839,PASS,0.042893102669493345,1.0
random_0167,random_multivariate_mixture,3,0.001475930382278006,-0.0595772571703376,0.5988213825890446,True,0.003529848940382089,True,PASS,6.09414083319451,3.460064635702954,0.07922085393777344,0.0034595156630740655,PASS,0.3218889391883773,0.6025208689041702,0.9189689170667013,0.0035982849860851217,PASS,0.08352275896446257,0.18351169779758136,0.9841860393689348,0.0035725287473667845,PASS,0.0035585729516981715,PASS,0.003606189888748537,1.0
random_0168,random_multivariate_mixture,2,0.0033868964034716436,-0.06590970723997745,0.3382808610966322,True,0.006673346446241921,True,PASS,3.619010516256281,3.4888904915891135,0.33844686250929196,0.006611722813286566,PASS,0.704032697337089,0.4322686132073455,0.9048850671445584,0.006581615048180874,PASS,0.15736360758304452,0.15460085948813104,0.9906502902266591,0.006555647187112669,PASS,0.0066718498874118425,PASS,0.006561953275526163,1.0
random_0169,random_multivariate_mixture,4,0.0009181457196534226,-0.03469248120566826,0.4303969468575181,True,0.0025003299140825054,True,PASS,0.9269182537448475,1.17589341475586,-0.672799683069269,0.0019258408492029075,PASS,0.907078789339366,1.1257436128907319,0.021071247256062728,0.002184283708996027,PASS,0.3430577905487436,0.3100453863526456,0.961527074124602,4.613442067095065e-05,PASS,0.0024939171377599345,PASS,4.108240596797836e-05,1.0
random_0170,random_multivariate_mixture,2,1.2378806367402042e-07,-0.11736580937356515,109.11609815194414,True,-7.176513632131966e-06,True,PASS,1.754097435831814,618.920069119782,-0.5879839372950794,-0.03819827941978689,PASS,0.09080365109280646,22.868066929924744,-0.40056683778198643,-0.027950891257459726,PASS,0.0387071932232008,5.661749207471954,0.16069967136670177,-0.045181218619859846,PASS,2.3050799582028322e-05,PASS,1.000032707567938e-12,0.01716666705268905
random_0171,random_multivariate_mixture,4,0.0003694977044541516,-0.0992075934001738,8.11172853073656,True,0.0005242139180736896,True,PASS,7.685014423427281,4.046264398737504,-0.146652834092692,-0.0003585799398333124,PASS,1.005875501367009,8.723962131111286,0.6463169202692018,0.00044726987735095304,PASS,0.12195769298508885,0.9658102399724721,0.7224119084555604,-0.0008019446596843314,PASS,0.0005733421755338531,PASS,1.0000272526651844e-12,0.7850913798355058
random_0172,random_multivariate_mixture,4,3.570423659637844e-05,-0.10813452293354238,4.521403589412736,True,7.216833120868415e-05,True,PASS,0.38602759230455763,64.36300291327177,-0.9295404166992058,-0.010784103111402389,PASS,0.04858039071643147,1.4548684549529776,0.014253123547457579,7.80110809233195e-05,PASS,0.04518182088505056,0.8790888808016173,0.5262294447940689,-0.0004803873810839075,PASS,9.012782375002388e-05,PASS,1.0000073758673429e-12,0.3515556842017375
random_0173,random_multivariate_mixture,4,0.008386157476529228,-0.030483392293710727,0.19851758276400625,True,0.011977158964148294,True,PASS,0.6446464005259605,0.4179725085884252,0.9745883270940441,0.010808401418757748,PASS,0.31521417238113897,0.2208612893046793,0.9753937363182599,0.010747709860371824,PASS,0.17120908949690863,0.18306268149685007,0.98756793929763,0.012408935968259083,PASS,0.011698866676247335,PASS,0.012394608610182694,1.0
random_0174,random_multivariate_mixture,3,0.0028694115230810204,-0.05937588582420095,1.0433573335522128,True,0.00470992598725434,True,PASS,4.67286946286692,3.742767238245787,-0.16330810021781078,0.0025398550031993285,PASS,0.5514381083603921,1.8826910242722439,0.6765400772815635,0.004777748081830557,PASS,0.12122655446588804,0.572548646962834,0.912974875746293,0.0047546620343004355,PASS,0.004781881595810687,PASS,0.004784215272053151,1.0
random_0175,random_multivariate_mixture,4,0.04506788598864506,-0.02296508158387012,0.1658801389543197,True,0.04758847124904738,True,PASS,0.3836671907699392,0.13419498194329949,0.9940886138639338,0.047332078658422386,PASS,0.3084965226366786,0.12250191343050168,0.9926521118997665,0.047281402353616477,PASS,0.15247873971578965,0.09514185409691629,0.9966303160430804,0.0481105672501702,PASS,0.04756602413968963,PASS,0.048105360682983066,1.0
random_0176,random_multivariate_mixture,2,0.003296074732041813,-0.04015525055236653,0.3496958572312537,True,0.0035172640368077612,True,PASS,0.9783332102887368,1.9124869602931125,-0.950280786377036,0.0034374282767254782,PASS,0.6355890918965964,0.782642512872258,0.6841554517726403,0.0035313504524604007,PASS,0.30896505505767713,0.2689374438712226,0.9733864819813526,0.0008493126482482928,PASS,0.003488672256028743,PASS,0.000848623415304223,1.0
random_0177,random_multivariate_mixture,3,0.00029965909030239357,-0.08538567430466433,23.86450688529176,True,0.001335161013853323,True,PASS,2.0321892263679278,11.594165546044074,-0.5597886990245532,-0.023725038375205884,PASS,0.30226403410155306,8.092419645200398,0.3900690292427019,-0.13237371289960062,PASS,0.11605384065519898,2.420144777496546,0.7188175658163192,-0.032481038684000034,PASS,0.0013422674373632683,PASS,1.0000210649147155e-12,0.05874373898459999
random_0178,random_multivariate_mixture,3,0.00015481405084407507,-0.09814575883539786,0.00900947874336462,True,0.0005408733194579111,True,PASS,0.30636639848464925,0.4163477935083051,0.9488453500071494,0.0005338192322013165,PASS,0.24610004440471933,0.2356226679406054,0.9828212233716569,-0.00420265557022065,PASS,0.11851060070327006,0.1234772580134246,0.9938509019573624,-0.0019084970556752854,PASS,0.0005546391626155253,PASS,1.0000206696856437e-12,0.301212023129249
random_0179,random_multivariate_mixture,3,0.011660079236700132,-0.04253588115288255,0.27215703233945254,True,0.013584821391690984,True,PASS,0.4287668258404196,0.2738634504743667,0.9868935759581995,0.013471250357142844,PASS,0.32713178250297165,0.14218467974834753,0.9905356253202322,0.013502538499292177,PASS,0.11584311950776036,0.13813323379457274,0.9906458738665014,0.013793611922802528,PASS,0.013579923911364148,PASS,0.013802672959994603,1.0
random_0180,random_multivariate_mixture,2,1.0306865224793464e-05,-0.092888465944632,32.87841495159314,True,1.0928381054361128e-05,True,PASS,0.9920890690928545,20943.933044545014,-0.984933860460784,-0.0017510481127243284,FAILED,,,,,PASS,0.016257389431228654,4.516936155159864,0.03640871575442645,-0.03558666925369376,FAILED,,PASS,1.0000216230379298e-12,0.024868834158510936
random_0181,random_multivariate_mixture,3,0.04427245477904393,-0.03603110489262706,0.4036467518693286,True,0.04569904227307976,True,PASS,0.6412836890054895,1.0571922305210975,0.8923921314894904,0.04570938532941672,PASS,0.4384159558799263,0.7521172626946918,0.7445690486971073,0.04565651447898181,PASS,0.22270953853166123,0.20340982326840246,0.9816690236817919,0.04538986759947383,PASS,0.045709038086896144,PASS,0.04539796278190684,1.0
random_0182,random_multivariate_mixture,4,0.0072395485257704,-0.04653375028019363,0.7310009689443965,True,0.008635124045737588,True,PASS,0.6274540740541731,0.7442753307814476,0.690706239812349,0.008728730222509556,PASS,0.9546317441820565,0.49597229961114075,0.9325897086146513,0.007909782157697892,PASS,0.34447517702081987,0.8248883350482269,0.9251795705512418,0.008242721196576168,PASS,0.008540999208139879,PASS,0.00824127966783416,1.0
random_0183,random_multivariate_mixture,2,2.4466206425616234e-05,-0.12181433767927888,160.48232362021446,True,0.00034243704154001423,True,PASS,0.795187581781796,2046.5249943929439,-0.037507752931877573,-0.5825244759242145,PASS,0.012531466262842255,11.823417236012608,-0.6680871808703418,-0.20443328984648057,PASS,0.004555241236109115,3.283796264348179,-0.3532751225054409,-0.03948725676608529,PASS,0.0003600706307542551,PASS,1.0000595609820864e-12,0.19377551506261975
random_0184,random_multivariate_mixture,3,0.0006748850859445626,-0.11718913860651434,0.4246782758866674,True,0.0010095461290776336,True,PASS,1.50896927203489,4.382232133240733,0.5425961695152092,0.0010154459856337639,PASS,0.33590635463009577,0.26466377077911846,0.9750879011620341,0.0010082256500734093,PASS,0.2596471477134705,0.1505190645088959,0.9894320261518637,-0.00010309412914429488,PASS,0.0010408301247097377,PASS,1.0002799009747473e-12,0.9412100475530977
random_0185,random_multivariate_mixture,3,1.1213773250670136e-05,-0.07938511000500996,45.14426620668197,True,4.2618260675971895e-05,True,PASS,1.7687827682115846,27.714207332502706,0.5042782657533214,-0.06884661208871047,PASS,0.4327902639818602,107.97794560285398,0.1771034582104734,-0.5940917463339616,PASS,0.10657198938586415,6.327644617255737,0.6811433487911703,-0.07323490177901044,PASS,7.705542202240136e-05,PASS,1.0000635218144631e-12,0.002045638806111862
random_0186,random_multivariate_mixture,3,7.475639392465001e-05,-0.1161901133776298,3.2699717934723127,True,0.00023445740500513426,True,PASS,0.5135024719333527,162.47471682544358,-0.30866517963600815,-0.027351720477194932,PASS,0.19486189436013415,15.013386551673587,0.2678973727158657,-0.006042637218323138,PASS,0.022304873358478184,0.8310676927152353,0.8502162783174492,2.508635454018608e-06,PASS,0.00024491218008677857,PASS,1.6574644776324825e-05,1.0
random_0187,random_multivariate_mixture,2,5.7206885543017374e-05,-0.03500189483000129,0.19755012636352742,True,0.0015269668963746443,True,PASS,0.31128929470568417,0.17499986227378353,0.9845701227522604,0.0014831400658534234,PASS,0.1953251169777363,0.16753122527626024,0.9970836085380925,0.001480082697787013,PASS,0.07656927279050305,0.08110452121320795,0.9978508349711505,0.001458362097010987,PASS,0.0015344661924045653,PASS,0.0014769036185547334,1.0
random_0188,random_multivariate_mixture,3,0.0006687190772302618,-0.040682864564714094,5.45994363133597,True,0.0008199977719946592,True,PASS,0.9659888793146006,74.0179212198788,-0.8380444088099684,-0.053179984795518914,PASS,0.11954838857707309,1.9799184388853637,0.2885225422724,-0.008572530419656506,PASS,0.10494175274086784,1.4603007731314874,0.5652734682446181,-0.030891519594502367,PASS,0.0008050189037440115,PASS,1.000047677264206e-12,0.0699560952654951
random_0189,random_multivariate_mixture,4,0.00016560923657767582,-0.08474360247873605,15.70818608351217,True,0.000992715339644459,True,PASS,0.6095322923692981,94.98440575753338,-0.2401179919392778,-0.004924585627400661,PASS,0.2470986906936623,17.76511810284594,0.4373392333357996,-0.0038938420256776486,PASS,0.08754381560957963,1.753088119457367,0.4322439358304598,0.00017301340613339944,PASS,0.0010062256769653593,PASS,0.0001781569264204232,1.0
random_0190,random_multivariate_mixture,2,0.002128198996290974,-0.030312881969339255,0.21606918825837582,True,0.0025047028998750496,True,PASS,0.4298715634632453,0.423001383890993,0.9099437389238623,0.0025050405847291055,PASS,0.41534567143475476,0.34014761374315766,0.9423287876166058,0.002503405519066054,PASS,0.15749541018646196,0.17999005893839534,0.9844128091871203,0.0023332840349945794,PASS,0.002530728880045153,PASS,0.0023593780589635806,1.0
random_0191,random_multivariate_mixture,2,1.6934569370687815e-05,-0.12674356602721054,12.469323346337443,True,3.1756973427520575e-05,True,PASS,0.9758639116531018,107.3099399387032,0.6570462392794584,-0.01236817523916623,PASS,0.03267514190154032,1.2954853164646942,0.287615893226408,-6.404190686320799e-05,PASS,0.018048764962498926,0.511849768148828,0.8637646841499984,-0.0013215068286333645,PASS,5.4054049728464044e-05,PASS,1.000056167202815e-12,0.0927429111511827
random_0192,random_multivariate_mixture,4,6.361361448272809e-05,-0.04057584017486548,392.0832772751002,True,-0.3232864366067724,True,PASS,0.9299753200125637,11.408703488816695,0.7027948706954553,-0.6830957218640173,PASS,1.0056501137053406,14.3235180618619,-0.23248861444398272,-2.470264232944781e+16,PASS,0.23344759587344202,3.3539440316499984,0.4915029539321026,-4.189002543568269,PASS,0.00027618079528609544,PASS,1.00022658954218e-12,0.004799993610895467
random_0193,random_multivariate_mixture,3,0.0008938133492908854,-0.11625103725211863,4.238588436301584,True,0.001446366929169575,True,PASS,0.3127648186460232,93.90618494086274,-0.6273067844458553,0.0012165297098511638,PASS,0.07989411560133287,1.808841481843253,0.6814920879481421,0.001326684358447948,PASS,0.02118132526736126,0.48983913403214013,0.8860155264598075,0.001378294883616053,PASS,0.001443069937384373,PASS,0.001385370895438923,1.0
random_0194,random_multivariate_mixture,4,0.010718851489605335,-0.01269282056427345,0.2637228286001748,True,0.013044497916733122,True,PASS,0.951087286582624,0.7138708174243537,0.9403885585813445,0.012100002082358494,PASS,0.8266442402089398,0.6468731096469584,0.9524545704828474,0.012293640369292941,PASS,0.1282679644693433,0.16873671366738327,0.9922063293329979,0.012573269110602364,PASS,0.01303457715973841,PASS,0.012567283361884235,1.0
random_0195,random_multivariate_mixture,2,5.288893570211689e-05,-0.08312054851079885,5.38075263043719,True,8.022729520103812e-05,True,PASS,0.9850557530978813,1061.530117272275,-0.9915376659354929,-0.04830205529447318,PASS,0.1453192126762767,5.292119608135923,-0.5684811502302194,-0.012834518856641308,PASS,0.0811941254301089,1.7075807713768425,-0.9045759124398636,-0.005043868422629573,PASS,9.977952938373625e-05,PASS,1.0001118303141454e-12,0.11412433225940345
random_0196,random_multivariate_mixture,2,3.6208145806163233e-06,-0.12461752417633959,9.892006589378791,True,7.712377509326544e-06,True,PASS,12.699997629408573,9.89552850239801,-0.3907807883844861,-0.02541504541656957,PASS,0.041845534843171564,0.8752282385193351,0.8653685262619664,-0.0007212485266394475,PASS,0.020727647960541756,0.20639067897987268,0.9824317221144666,-0.0006517366552931961,PASS,5.0469640943438454e-05,PASS,1.0000003892457073e-12,0.10989342334592123
random_0197,random_multivariate_mixture,3,0.00021612698683138275,-0.11503226783236836,0.7503271942140347,True,0.0006815433350978934,True,PASS,7.4008068626895165,4.959500304702155,-0.2584574145389513,0.0006211412812122183,PASS,0.19037577012039747,0.15108754717323036,0.9887456419976158,0.0006267501509120029,PASS,0.12351328522736667,0.08843246229794015,0.9965018819976892,0.0009622189877139478,PASS,0.0007064343401130263,PASS,0.000988301770507302,1.0
random_0198,random_multivariate_mixture,2,1.0049776887195618e-06,-0.04282183072540847,0.14750174798862145,True,1.3613420284756662e-07,True,PASS,0.5352885190868384,0.30564575185914983,0.9529455334225508,1.3658454943069993e-07,PASS,0.5989957508130884,0.5235335462688339,0.8633443525215294,1.364720852879485e-07,PASS,0.2328710891330033,0.1731427887622346,0.9862645761155503,-0.001544523824215954,PASS,2.7417961827775813e-05,PASS,1.000081154478126e-12,0.017866285974097038
random_0199,random_multivariate_mixture,3,3.1557587790445565e-05,-0.054582194781262826,27.52999539775411,True,-0.0007606476832360536,True,PASS,0.9800538059170096,114.36829574756858,-0.5494140962432182,-0.2995046253555499,PASS,0.6317814951425051,3.4246167555930107,-0.3665090928653764,-0.10728762133850019,PASS,0.08135530330980782,0.5633450497311469,0.9136170717712346,-0.17739132028326057,PASS,4.3797719367266006e-05,PASS,1.0000462732396464e-12,0.007356949101724587
random_0200,random_multivariate_mixture,4,0.03845762088350462,-0.03617824735483546,0.12000583294976637,True,0.04228354021132601,True,PASS,0.6147924223891732,0.7782187206269752,0.8897591249340315,0.041971010160010314,PASS,0.45635657428903825,0.2631058791936389,0.9764609463127808,0.04189712342337256,PASS,0.3295706572961214,0.1721860784891415,0.9850671646493696,0.04236216971601836,PASS,0.042170352462343734,PASS,0.0423510464734796,1.0
random_0201,random_multivariate_mixture,4,2.8838871450684683e-05,-0.06992562465244752,645.6087882889803,True,-0.010565132663334512,True,PASS,8.312722346557422,23.316059041537656,0.22400348101341608,-1.1580089829233475,PASS,1.0256897779141707,51.3242047001202,0.20613459202253345,-6.672605408670256,PASS,0.11802525317844863,11.275346436144371,-0.025793490040294898,-0.9376074233879995,PASS,0.0005426010558694598,PASS,1.0000092272656278e-12,0.0075915821140467915
random_0202,random_multivariate_mixture,2,0.00011960733027469822,-0.059471953040380984,1.9656542750478145,True,0.0007507215805332177,True,PASS,0.9320076448953045,47.64704156154939,-0.8669890820937146,-0.008693850878751581,PASS,0.32362139638855375,0.90352271070163,0.6455119782972566,3.067532789987009e-05,PASS,0.07506903570394007,0.5488005197588656,0.8857148146722212,-0.0007561439860229749,PASS,0.000662315390241722,PASS,1.0000129676121567e-12,0.624616875739675
random_0203,random_multivariate_mixture,4,0.0003087836807608162,-0.047006791139151884,20.592964285002807,True,0.0010566264105559844,True,PASS,0.9339622503180969,2.405184426562046,-0.4022134468504775,-0.016464614240297003,PASS,0.6618098722678443,3.288351693006227,-0.33221529656942145,-0.19375954283981947,PASS,0.34819211417035106,2.569859734372063,-0.25281590796841275,-0.2649318441722012,PASS,0.0021139952548733234,PASS,1.0000272531018735e-12,0.04260182419591234
random_0204,random_multivariate_mixture,4,0.003326764824118248,-0.05299374545808879,0.8396826367243223,True,0.00530815615310956,True,PASS,0.8519834351490939,3.2118055696549854,-0.5370939640419663,0.006447320885253191,PASS,0.42168890958267735,0.22972569803644344,0.9821969833496024,0.0035368044746118487,PASS,0.11359195878785049,0.1002922100696674,0.9949872914219365,0.005259525271266227,PASS,0.004924247643416166,PASS,0.005253860322415904,1.0
random_0205,random_multivariate_mixture,4,0.04357316777597094,-0.012024417472580894,0.21876143839660303,True,0.047737778049947215,True,PASS,0.9920951034000944,0.5147590554504122,0.8930732301626408,0.04677955840153011,PASS,0.7648972880763026,0.3898686869124652,0.9596068188218093,0.04725301684326736,PASS,0.39857170720928664,0.1877244204159517,0.9850118785822964,0.048924482893705226,PASS,0.04763901531912081,PASS,0.0489077148786853,1.0
random_0206,random_multivariate_mixture,2,1.7265766340034142e-06,-0.1212174056897882,805.8235727458305,True,-0.001565739039014713,True,PASS,0.7147627052031138,22099.657769285117,-0.7168996790912503,-0.034260669037209965,FAILED,,,,,PASS,0.006365647525920378,6.9320346837854325,-0.5900391539178254,-0.07340261357304818,FAILED,,PASS,1.0000379035876197e-12,0.03710773960802854
random_0207,random_multivariate_mixture,2,4.0502399424796485e-06,-0.1278083884754945,14.935919321972822,True,-2.5050274884019675e-06,True,PASS,4.339006447374598,47.355000313474974,-0.4636971951681406,-2.8011113228566985e-05,PASS,0.0066171109701097285,0.31787648232429166,0.9575158406084023,-3.0450994050446342e-05,PASS,0.0057059983345231465,0.7446330374869659,0.6931391269007533,-7.068279537934825e-05,PASS,3.5156220308256095e-05,PASS,1.0000304812127252e-12,0.5163250145871578
random_0208,random_multivariate_mixture,4,0.0121331349802938,-0.046835346963413654,0.5289936429916883,True,0.013329424001255481,True,PASS,0.8474347454403794,2.0386396469121197,-0.9032699369873447,0.013045328973125839,PASS,0.15779044436840137,0.3321379654341965,0.9577742807526384,0.013233919660821858,PASS,0.13115463651801332,0.2162266825960098,0.9868815214270373,0.013123719780271471,PASS,0.01327223916887128,PASS,0.013121647727260839,1.0
random_0209,random_multivariate_mixture,2,0.005863239197210423,-0.04040697057830771,0.043112956968803996,True,0.008944691326273398,True,PASS,0.24524657511447523,0.16424393939383286,0.9995284647900187,0.008701964619819397,PASS,0.15962627424334466,0.10051117682017907,0.9987494516103634,0.008776268738904603,PASS,0.056468040520427455,0.026180180587976394,0.9997301008462602,0.008943772006739487,PASS,0.008912054672851362,PASS,0.008938452362743661,1.0
random_0210,random_multivariate_mixture,2,2.9391697832364803e-05,-0.11595264592750472,9.228600702690052,True,5.471756432013774e-05,True,PASS,0.4086507115408845,67.04440984120379,-0.5788688314130092,-0.13736001562730865,PASS,0.19803725604479205,2.126662852297056,0.07352201591150388,-0.021863502463556964,PASS,0.12572522916455006,2.3344246134674123,-0.33093326644880006,-0.0055917186529141644,PASS,7.221678235174409e-05,PASS,1.0000227420514969e-12,0.1091998741533397
random_0211,random_multivariate_mixture,2,7.274453202566148e-05,-0.12216572170707428,7.751263338987789,True,0.00015593435465737152,True,PASS,4.329592563752367,6.00277402572714,-0.3549325412456345,-0.003788322767095634,PASS,0.11921277301418731,0.9437544102528098,0.7100284610310309,-0.0002973904750771925,PASS,0.06412562812816633,0.367208079582191,0.9301873408657031,-0.0006979656231175363,PASS,0.00019982869501671544,PASS,1.0000127359572915e-12,0.5202707013961886
random_0212,random_multivariate_mixture,3,6.707530460891211e-06,-0.03721959106325925,18.087792041472614,True,1.7792181989584367e-05,True,PASS,0.7395049562254354,8.443113224048087,0.89585263794059,-0.03508915581249676,PASS,0.2236065782443889,21.391411765731338,0.4247143716805345,-0.1944846127446,PASS,0.06481473355105123,3.9056763149621374,0.0040236614102988405,-0.046178555700052325,PASS,3.5787022586965225e-05,PASS,1.000013244749234e-12,0.05589808890732679
random_0213,random_multivariate_mixture,3,1.0359522500727765e-05,-0.049500369632447846,43.1867747774944,True,2.8616293415899266e-05,True,PASS,1.9670652976842062,57.047850627840205,0.09926784645855653,-0.05407661292843952,PASS,1.1378743890607257,64.12703184532953,-0.49254852623146367,-0.4658495112250299,PASS,0.10393061875969851,6.149563349793589,-0.48946479969612655,-0.0220176913929263,PASS,6.336111687118762e-05,PASS,1.0000027422975998e-12,0.04292595160107603
random_0214,random_multivariate_mixture,2,3.2201662038817714e-05,-0.11763398778832365,52.614921909267395,True,-0.027568884977902913,True,PASS,0.9828024604889478,1791.003974371309,0.23849740286658924,-1.0482951994706398,FAILED,,,,,PASS,0.0020472834848702173,0.10880054497640676,0.9945366751731167,-0.03713970948562811,FAILED,,PASS,1.000001987981516e-12,0.14066395344911722
random_0215,random_multivariate_mixture,3,0.005569695593639386,-0.09999702099917179,0.4480356923895579,True,0.006243463769329951,True,PASS,4.067834304737799,6.173959900607469,0.704358888919303,0.00636254417656924,PASS,0.16055858912447601,0.2589185497109644,0.9694194976310171,0.006212771971293967,PASS,0.05348216801310053,0.2690010295739493,0.9652778066644784,0.006542753252305856,PASS,0.006299366953680508,PASS,0.0065692722112623385,1.0
random_0216,random_multivariate_mixture,4,0.0007827329270109596,-0.08194921225686405,70.1074620604543,True,-0.034593107611331345,True,PASS,0.42357581044379744,28.014723755774565,-0.0006619740986886069,-2.108333332941435e+16,PASS,0.2780663720269664,3.7295616584701383,-0.02521284846851623,-0.13180997020571028,PASS,0.040111815311248133,0.11090452949071787,0.9939012750040619,-0.05699048976364629,PASS,0.0014715103449094455,PASS,1.0000132186953464e-12,0.2016520442561702
random_0217,random_multivariate_mixture,4,0.0019557094607174663,-0.046042650261913835,0.1197533145417908,True,0.004542637047740027,True,PASS,0.18630890107554218,0.12178638556244391,0.9925780234096937,0.004154824852791986,PASS,0.2209521366606376,0.06012649974740867,0.9983428736153148,0.004677668842053044,PASS,0.11377544574793627,0.04918414673042656,0.9992545179329533,0.004729783828554926,PASS,0.004509238180511195,PASS,0.0047254878082736455,1.0
random_0218,random_multivariate_mixture,4,0.006823640755586628,-0.06946631121289848,1.2920356470160914,True,0.009682414973571241,True,PASS,0.5248667394534557,2.650367426102693,0.30127294505380026,0.009916154838538428,PASS,0.4237409306209108,2.44812070610478,-0.2114245812028886,0.008985672060221576,PASS,0.19938105526570102,0.7324487241312747,0.6925643723292043,0.009438032712111152,PASS,0.009387958416888944,PASS,0.009428390773356637,1.0
random_0219,random_multivariate_mixture,2,0.009645328293061528,-0.018579665213683545,0.0796533936026172,True,0.013187317464951276,True,PASS,0.7993365912367599,0.35465882720870856,0.9613043284784165,0.012844265752320396,PASS,0.7186104807711412,0.2036792394233195,0.9808601077922516,0.012643343070121148,PASS,0.2292031280190612,0.07189511376081822,0.9976232290105199,0.013179581677326623,PASS,0.013066016714743852,PASS,0.013166857219982732,1.0
random_0220,random_multivariate_mixture,4,0.01556320409068547,-0.04998744938700951,0.13907256229616352,True,0.017323185674481673,True,PASS,0.2507683030134722,0.15085735162130592,0.9979713007397438,0.017223345400713293,PASS,0.23565847174741308,0.12135464738998479,0.9976914732299726,0.017284829152746973,PASS,0.10518915621468752,0.04511336305007371,0.998983060818641,0.01717674937418221,PASS,0.01729728506121024,PASS,0.01718158666704136,1.0
random_0221,random_multivariate_mixture,3,0.005580784693952319,-0.03874423731310221,0.07338305090492506,True,0.007454182374201813,True,PASS,0.8366556717848221,0.6790774390823971,0.7705506239375145,0.00713022878385972,PASS,0.46716880927437976,0.2895560486917481,0.9619686369906258,0.005885594649306066,PASS,0.508056663718714,0.29665537171789125,0.9815459461701268,0.008225734365709553,PASS,0.007238189347861044,PASS,0.008227161958786111,1.0
random_0222,random_multivariate_mixture,3,0.002579731797946906,-0.10154738317741104,1.2607013878937328,True,0.003537238816333987,True,PASS,1.7688209782805415,2.7712712888461226,0.7117179154923166,0.00349652095578209,PASS,0.1636214684301052,0.7567536839107151,0.8300799980203298,0.003260662215072118,PASS,0.06259463148447311,0.6360911102478282,0.8127871150320509,0.004931473283883164,PASS,0.0035462119614652022,PASS,0.004941414713386897,1.0
random_0223,random_multivariate_mixture,3,0.0183539369625077,-0.04356437889143084,0.21157646221500562,True,0.019866888067923617,True,PASS,0.8588845565533533,0.7044958524961102,0.7257405531635682,0.019751513596995368,PASS,0.37906642672097013,0.27395596125446664,0.9693545716988385,0.01970919037389296,PASS,0.33667995404931583,0.22872145998574656,0.9788253658363985,0.018864117840417995,PASS,0.019826737103245097,PASS,0.01887035603394582,1.0
random_0224,random_multivariate_mixture,2,0.00013817264898110455,-0.09836156034466122,1.1024893503815947,True,0.0005882183579192514,True,PASS,4.460194621982755,7.184734356796476,0.7617838710378012,-0.0008176241046694064,PASS,0.10815677443230749,0.4643637259310574,0.8863851055260735,0.0005930617618158397,PASS,0.09953695133315502,0.19087351360476526,0.988518900989284,0.0006404532428004004,PASS,0.0006253793698636301,PASS,0.0006738421736188797,1.0
random_0225,random_multivariate_mixture,4,0.009424593944133423,-0.038763184375281264,0.4097362288012574,True,0.010358537504461396,True,PASS,0.9293101451556758,1.4204451258641566,-0.7439507260613587,0.010320238554693238,PASS,0.7318874629327106,0.3917695960054446,0.9227078707224665,0.009279276969470182,PASS,0.11800836378491306,0.26861560500439685,0.9698163606116662,0.009417668105507296,PASS,0.010226423614821858,PASS,0.009417346306296412,1.0
random_0226,random_multivariate_mixture,2,2.1153879020432078e-05,-0.10036528042242278,4.5330488171803704,True,2.2415668464783585e-05,True,PASS,0.9898857862986481,2234.2935138587445,-0.9728473360384455,-0.016105693339824822,FAILED,,,,,PASS,0.009628267733797114,0.3595834822847453,0.9581819970467476,2.2131788662056938e-05,FAILED,,PASS,2.4738673787742888e-05,1.0
random_0227,random_multivariate_mixture,3,0.0056095457446604475,-0.007664734511507256,0.2039077562722265,True,0.007427112451900984,True,PASS,0.9442117278382569,0.45028792093235503,0.8980864923978545,0.0059016117597077925,PASS,0.7544110407781812,0.3611311030283488,0.9358690348050656,0.006053368101622378,PASS,0.29440050367136805,0.17605608252796925,0.9847214577271146,0.009365912487271217,PASS,0.007223019153125333,PASS,0.00935986279104979,1.0
random_0228,random_multivariate_mixture,3,0.0024899538621335543,-0.09018021010349438,0.16084820407821013,True,0.004616470724725539,True,PASS,0.20050642877266245,0.21582024521322485,0.9893854359044605,0.004188733504995087,PASS,0.1783905388246309,0.15410100594413761,0.9893926759194389,0.00427948947917047,PASS,0.10036682021700807,0.12839154929190194,0.999108281881778,0.004488976755887735,PASS,0.004496069220161875,PASS,0.004494380089795766,1.0
random_0229,random_multivariate_mixture,2,3.1383274437142442e-06,-0.12680682083375208,42.21138355456721,True,7.757561777542813e-06,True,PASS,0.9618756897408093,343.3213337690904,-0.6274114845972819,-0.2553567970256256,PASS,0.0061794882075605455,0.7410146163079303,0.6805060751836468,-0.00015236021181266258,PASS,0.007624434750345834,0.8350033356945853,0.574024928836063,-0.0026955737791286728,PASS,3.2588783734962535e-05,PASS,1.0000203472805038e-12,0.02576718841551776
random_0230,random_multivariate_mixture,2,0.0026793071167357293,-0.058528342052367004,0.48701863129287054,True,0.003128166772071814,True,PASS,0.6705092711192409,0.5626257386355156,0.8506356992347339,0.0031227670960530677,PASS,0.5017724548765294,0.5784795684194791,0.928247709002475,0.0031308170282356596,PASS,0.15468111997700373,0.08848232043245532,0.9969957115713859,0.0016051966156607205,PASS,0.0031441239194514975,PASS,0.0016208337130814727,1.0
random_0231,random_multivariate_mixture,4,0.00766079424893046,-0.02444747739911807,0.4602491682247805,True,0.01274238940597499,True,PASS,0.5302501896948133,3.496576554460742,-0.0992758024239808,0.0120292178075143,PASS,0.3396467141420398,0.8694636662974193,0.7904260557749001,0.013424400694910719,PASS,0.21641576040519048,0.6970712187560842,0.7583197915241409,0.01264043858332965,PASS,0.01281727454437623,PASS,0.012619713455572952,1.0
random_0232,random_multivariate_mixture,2,3.6252815874636674e-05,-0.05321865718510676,2.2678364862984806,True,7.037095381786977e-05,True,PASS,0.6501623224751214,7.828245536110858,-0.8867027013629836,6.73601237501517e-05,PASS,0.9230302401954421,0.6240152135227582,0.8277701780235527,-0.0016907739675060738,PASS,0.25836835576126327,1.05519877136386,0.2765762448784683,-0.001130029512877083,PASS,8.693858810299439e-05,PASS,1.0000195629970176e-12,0.1309110190876339
random_0233,random_multivariate_mixture,3,0.008333961593391274,-0.023739719175803045,0.10561980409168244,True,0.009580746406410639,True,PASS,0.9322644075421127,0.7123523270086366,0.9921480763865549,0.009175786015610738,PASS,0.3359393637072424,0.1759637786838749,0.984554387186701,0.008816478925129741,PASS,0.259577576963852,0.13627470496413652,0.9941523593988577,0.009940098119065434,PASS,0.009304179629114352,PASS,0.009938669848277992,1.0
random_0234,random_multivariate_mixture,4,0.0024014463787672877,-0.0669539085185802,1.5624470188637658,True,0.005263221561755574,True,PASS,0.9203026417764186,0.42717035867217534,0.9210402462268987,0.004949640885462198,PASS,0.22959185965821255,1.2577075996046745,0.46159558881070734,0.004415981533915027,PASS,0.08345360986918683,0.521509729337394,0.8623814673038122,0.005404446412685833,PASS,0.005340442007011054,PASS,0.005400901873638467,1.0
random_0235,random_multivariate_mixture,2,1.3243762753586436e-05,-0.12603426743951102,15.499494940972838,True,9.961564546670903e-05,True,PASS,7.45026233705507,7.462842597355999,0.5806505257644351,-0.007736460458159015,PASS,0.01802995591827691,0.5300357223100043,0.8539592845618198,-0.00020267170695114874,PASS,0.013553521426779808,0.23444601635388213,0.9735519561102188,-0.0004162405926147772,PASS,0.00012544123344280933,PASS,1.000000811157135e-12,0.3027777432301392
random_0236,random_multivariate_mixture,4,1.0630893615015659e-05,-0.03621530159031345,164.58910440033134,True,0.0026912677765519003,True,PASS,1.5716335359470697,351.90842255618793,0.17353451083983715,-12.528104001232562,PASS,0.6998606714506164,215.33831148879005,0.1818558021463844,-3.2526221327500275,PASS,0.08288702751336595,29.190574552541687,-0.07335280189311512,-0.39696140169742894,PASS,0.0037500680265951975,PASS,9.997597686090397e-13,0.02017202726331995
random_0237,random_multivariate_mixture,2,4.199702681376023e-05,-0.065747230818055,0.8465963295252177,True,6.109053549310452e-05,True,PASS,0.8508413885043578,16.803007025839936,-0.7188998148082304,-0.0013864426304057095,PASS,0.7902426081551418,4.763579544147653,-0.6658788350334622,-0.0867108685131602,PASS,0.22544692459158502,0.16656486843686244,0.9887883436956917,0.00014243351765017958,PASS,7.311198185138875e-05,PASS,0.00014961456051985507,1.0
random_0238,random_multivariate_mixture,4,0.0005887511632439558,-0.0714473388256839,3.1115850664167284,True,0.0011330833570201576,True,PASS,0.45172681094493045,5.089506144533055,-0.458226199686428,0.0010954711828800596,PASS,0.1337907869332333,2.1521729891387675,0.6014087406642102,0.0007667402949340973,PASS,0.061171427415799215,0.5928497019231314,0.8637329347378685,0.0011900741394054784,PASS,0.0011675081566898942,PASS,0.0012066154821853841,1.0
random_0239,random_multivariate_mixture,3,0.007829010498390902,-0.07923439246261961,0.8162725778800982,True,0.009370543334010292,True,PASS,1.3606285583813398,2.754283117258187,0.5643412009833071,0.009405593501628676,PASS,0.41298396919233005,0.7201713167432989,0.7023254117133058,0.009385461106552934,PASS,0.3710282729599077,0.3884081384058646,0.9399783900145494,0.009411400782303972,PASS,0.009415660472608755,PASS,0.009426933492663866,1.0
random_0240,random_multivariate_mixture,4,0.01162562474531921,-0.02457531081601447,0.6499882460628288,True,0.013922485137401549,True,PASS,0.8025995346914017,2.338511041391057,0.7972994042097151,0.013739823880432094,PASS,0.29495183465777525,1.9062802220963961,0.8017938483319564,0.014061120328350676,PASS,0.09828708414804609,0.41301609368230036,0.9641933499653471,0.013903617855113641,PASS,0.013655225782327233,PASS,0.013897243025562908,1.0
random_0241,random_multivariate_mixture,3,0.0007996081346743118,-0.11435663582974173,1.7018417586753114,True,0.0009264287885939845,True,PASS,0.5266513641066072,14.03020544725705,0.8805190414900884,0.000890628371440355,PASS,0.48283957278557815,2.2134471216448652,-0.22750792600254607,0.0009464667655382377,PASS,0.2616097879797551,1.4532948408536932,-0.25866447924398445,0.00023642201804886,PASS,0.000951988363629395,PASS,0.0002513307734093827,1.0
random_0242,random_multivariate_mixture,4,0.002819380000955075,-0.025764098108215887,1.3256765036781077,True,0.005746408304355794,True,PASS,0.5106850481586823,4.693396654409637,-0.3086339566526031,-0.0026322274038690506,PASS,0.7167300445272455,2.2668591497581425,0.6918549196247926,-0.0020305915740285695,PASS,0.2065367376218757,1.187495742532244,0.28962005602264335,0.006804888943189804,PASS,0.005187833797903507,PASS,0.006796191440700652,1.0
random_0243,random_multivariate_mixture,3,0.009553436374160174,-0.0426095147468996,0.2645674682251221,True,0.010722975693789594,True,PASS,0.8566743353070347,0.8380016366750741,0.9786536507076632,0.010641413780156912,PASS,0.24999736650541232,0.12261633926216116,0.9944251103496129,0.010702580152527353,PASS,0.27169022151396893,0.3418057390456107,0.9861313170299773,0.010812089042158282,PASS,0.010722108025749843,PASS,0.010809247557809458,1.0
random_0244,random_multivariate_mixture,2,8.997617045343925e-06,-0.12031500185377517,17.75168444262791,True,1.9680719031387986e-05,True,PASS,0.7645270825998306,727.9543792435663,-0.9769369666066047,-0.1072943906478303,PASS,0.018684387273122122,1.784580425592813,-0.2782743994178849,-0.012632203247257988,PASS,0.01559906149566661,1.2267761231469048,-0.42959936650473535,-0.003939132249451888,PASS,2.7842449087483698e-05,PASS,1.0000516232074104e-12,0.3511210224769342
random_0245,random_multivariate_mixture,4,0.007417066933627402,-0.06294955362958833,0.35077091067197597,True,0.0086882259566478,True,PASS,0.5128586007489843,0.9106673730544108,0.4228211857563371,0.008671430214779905,PASS,0.62963921762541,0.29614381033300585,0.9635935676797377,0.008444220143650124,PASS,0.40496115020791495,0.30729485873375834,0.9746626864195786,0.009613603206781816,PASS,0.00862237195138678,PASS,0.009612933632906856,1.0
random_0246,random_multivariate_mixture,2,3.0145320621151285e-05,-0.11311240173162418,3.9118088472328334,True,0.0006709256688183387,True,PASS,1.3183418893477323,10.440299985848661,0.218297862284828,-0.005847540796380692,PASS,0.15048303258040985,0.7882605246360997,0.6236613417534255,0.0006760333428975831,PASS,0.0810101158193683,0.49009223529780443,0.8721624163002099,0.0007109508625632726,PASS,0.0006897104891248502,PASS,0.0007224663116157878,1.0
random_0247,random_multivariate_mixture,3,0.0010027189543729675,-0.04768801438549805,0.3212791639632049,True,0.004934264811980086,True,PASS,0.6542413166029988,1.1156278834923354,0.19602752512488403,0.0050299775104221305,PASS,0.609935824680655,0.1563561152191856,0.9892224325304015,0.004319676629234516,PASS,0.20984703606194685,0.15319061947399598,0.9935620405235092,0.005878476850769122,PASS,0.005075191318575625,PASS,0.00587463448890537,1.0
random_0248,random_multivariate_mixture,3,1.0689260552043212e-05,-0.11156808171696256,129.16584658969757,True,5.4533968007564874e-05,True,PASS,1.422224255740366,50.282623949981925,-0.8228178694263801,-6.216363963140538,PASS,0.48968522770602224,33.639176427964415,0.7763877446013568,-1.1345841072529923,PASS,0.3962442913207411,29.580129689220684,0.7265151796768724,-0.2179877856421824,PASS,-0.012962029771480605,PASS,1.0000229493286853e-12,0.0143530112684471
random_0249,random_multivariate_mixture,4,0.006768339504481421,-0.037348139059331605,0.8456856969427069,True,0.008201529276281105,True,PASS,0.5729312644453922,1.0762187776663437,0.7862219384268292,0.007897505985385968,PASS,0.5167293125905229,1.0428169793308744,0.6960264447316582,0.007943235300621434,PASS,0.2006567499797973,0.4858477410983196,0.8741074517124148,0.008211966672049285,PASS,0.008188440956078121,PASS,0.008220542974951886,1.0
random_0250,random_multivariate_mixture,2,3.7283383726753025e-05,-0.11991220051034793,14.02765486756811,True,8.946370895857068e-05,True,PASS,8.37964810457976,7.495292034014289,-0.48077223080247494,-0.025943734792194393,PASS,0.1817927116977354,3.04234164306504,0.7472319964473418,-0.0030517573432148008,PASS,0.08387658267034959,0.5833283563231493,0.9365833187701169,-0.002628088121611521,PASS,0.00013286327963991964,PASS,1.0000211417444768e-12,0.31272844229527724
random_0251,random_multivariate_mixture,3,8.289298621854572e-05,-0.10258264646308919,24.6712447378022,True,0.002138403348773192,True,PASS,2.2240229561095615,14.627579101909966,0.1785677646946583,-0.11312482118509233,PASS,0.2249319613376774,10.799775788424434,0.010741199114608647,-0.07783488471057055,PASS,0.1528163182416986,5.96464398934781,-0.012187184934343924,-0.04829624637782369,PASS,0.0024778461515447482,PASS,1.0000099051663825e-12,0.10039493041325816
random_0252,random_multivariate_mixture,4,0.0007224339451412403,-0.011280564190815204,5.89590169305829,True,0.002519418377933202,True,PASS,0.7894736103178395,23.585276333564504,0.6746353578913744,-0.07924301530869407,PASS,0.4153821014574076,10.000269429898577,-0.07845181530005367,-0.043612532946437826,PASS,0.2795722707008614,4.56366262404255,0.2619906276952909,-0.020011703652945377,PASS,0.001659460406169918,PASS,1.000010910550298e-12,0.2562578162680319
random_0253,random_multivariate_mixture,2,1.0633858520592235e-06,-0.12413040219156764,194.97549228136316,True,2.7181841504321884e-06,True,PASS,0.9867634938790504,108358.90501303689,-0.9591780331925613,-0.397036157816753,FAILED,,,,,PASS,0.003695590000821766,3.606906815002146,-0.0806186146294705,-0.05901778702432992,FAILED,,PASS,1.0000618704482674e-12,0.0015271073242624127
random_0254,random_multivariate_mixture,3,0.010402764314161341,-0.01720847110942219,0.0711259345852578,True,0.01382525076272972,True,PASS,0.6105431026439677,0.18900558519904165,0.9987137325897577,0.013667874986336979,PASS,0.42859320026712083,0.0869024083223173,0.9962219147877055,0.013726360882813173,PASS,0.11715138465287038,0.03893957872340725,0.9993652494168783,0.014022699599314197,PASS,0.013772990795899675,PASS,0.014012344998442576,1.0
random_0255,random_multivariate_mixture,3,0.010952668097600924,-0.04385855844925561,0.596445602256949,True,0.014512969979495168,True,PASS,1.8939848621327728,1.7087782180806297,0.33555972141915513,0.013884756034514155,PASS,0.6094602868124223,0.5499498232097519,0.8982201192335949,0.014893171092211695,PASS,0.1261835249467957,0.22575384436307808,0.9742853648431766,0.014789792717076729,PASS,0.014616865048512838,PASS,0.014785873904724404,1.0
